indicator,year,period,gini_governorate,gini_region,theil_governorate,theil_region,theil_between,theil_within,identity_gap,between_share
bank_branches,2010,pre,0.526954,0.461424,0.502332,0.359266,0.285999,0.216333,0.0,0.569342
bank_branches,2011,post,0.530249,0.46403,0.506641,0.363233,0.290186,0.216455,0.0,0.572765
bank_branches,2012,post,0.515327,0.461796,0.474518,0.361816,0.287875,0.186643,0.0,0.606668
bank_branches,2013,post,0.512015,0.462396,0.465794,0.362748,0.2887,0.177095,0.0,0.619801
bank_branches,2014,post,0.531058,0.474082,0.51052,0.380488,0.304539,0.20598,0.0,0.596528
bank_branches,2015,post,0.526763,0.474657,0.499445,0.381676,0.305609,0.193837,0.0,0.611896
bank_branches,2016,post,0.525532,0.472262,0.494331,0.377851,0.30203,0.192301,0.0,0.610988
bank_branches,2017,post,0.525648,0.472839,0.494256,0.378735,0.302548,0.191708,0.0,0.612129
bank_branches,2018,post,0.522502,0.467479,0.488034,0.369582,0.294526,0.193508,0.0,0.603494
camping_centres,2014,post,0.469203,0.335404,,0.189913,,,,
camping_centres,2015,post,0.469203,0.335404,,0.189913,,,,
camping_centres,2017,post,0.469203,0.335404,,0.189913,,,,
camping_centres,2023,post,0.416667,0.252747,,0.111007,,,,
cinema_screens,2002,pre,0.620935,0.425087,,0.303631,,,,
cinema_screens,2003,pre,0.620935,0.425087,,0.303631,,,,
cinema_screens,2004,pre,0.751344,0.488479,,,,,,
cinema_screens,2005,pre,0.763889,0.52381,,,,,,
cinema_screens,2006,pre,0.735119,0.581633,,,,,,
cinema_screens,2007,pre,0.735119,0.581633,,,,,,
cinema_screens,2008,pre,0.847222,0.746032,,,,,,
cinema_screens,2009,pre,0.875,0.777778,,,,,,
cinema_screens,2010,pre,0.847222,0.746032,,,,,,
cinema_screens,2011,post,0.827381,0.693878,,,,,,
cinema_screens,2012,post,0.833333,0.701299,,,,,,
cinema_screens,2013,post,0.856884,0.732919,,,,,,
cinema_screens,2014,post,0.863095,0.748299,,,,,,
cinema_screens,2015,post,0.88587,0.732919,,,,,,
cinema_screens,2016,post,0.859848,0.701299,,,,,,
cinema_screens,2017,post,0.859848,0.701299,,,,,,
cinema_screens,2018,post,0.84543,0.728111,,,,,,
cinema_screens,2019,post,0.832143,0.710204,,,,,,
cinema_screens,2021,post,0.795833,0.728571,,,,,,
cinema_screens,2022,post,0.783537,0.710801,,,,,,
fixed_line_subscribers,2003,pre,0.471489,0.42402,0.37993,0.303141,0.235998,0.143931,0.0,0.621163
fixed_line_subscribers,2004,pre,0.45463,0.407588,0.350284,0.281533,0.21672,0.133564,0.0,0.618699
fixed_line_subscribers,2005,pre,0.449435,0.401835,0.341375,0.274196,0.210615,0.13076,0.0,0.616962
fixed_line_subscribers,2006,pre,0.447344,0.399725,0.335454,0.273316,0.209142,0.126311,0.0,0.623461
fixed_line_subscribers,2007,pre,0.455067,0.402995,0.34644,0.279056,0.214775,0.131665,0.0,0.619949
fixed_line_subscribers,2008,pre,0.462594,0.413639,0.361421,0.292835,0.22618,0.13524,0.0,0.625809
fixed_line_subscribers,2009,pre,0.46995,0.421761,0.375003,0.304268,0.236647,0.138356,0.0,0.631053
fixed_line_subscribers,2010,pre,0.478768,0.429141,0.387464,0.314941,0.245992,0.141472,0.0,0.634877
fixed_line_subscribers,2011,post,0.476974,0.429333,0.381591,0.314379,0.245239,0.136353,0.0,0.642673
fixed_line_subscribers,2012,post,0.483581,0.433091,0.39255,0.321077,0.251125,0.141425,0.0,0.639729
fixed_line_subscribers,2013,post,0.48669,0.433742,0.398627,0.322097,0.252545,0.146082,0.0,0.633537
fixed_line_subscribers,2014,post,0.502808,0.453125,0.428069,0.355202,0.281472,0.146597,0.0,0.657539
fixed_line_subscribers,2015,post,0.50604,0.456559,0.430588,0.358818,0.285207,0.145382,0.0,0.662365
fixed_line_subscribers,2016,post,0.511679,0.461562,0.44373,0.366512,0.292373,0.151357,0.0,0.658899
fixed_line_subscribers,2017,post,0.493784,0.447858,0.409411,0.342948,0.271456,0.137956,0.0,0.663039
fixed_line_subscribers,2018,post,0.458045,0.414411,0.346271,0.290985,0.226272,0.119999,0.0,0.653453
fixed_line_subscribers,2019,post,0.463159,0.422295,0.355722,0.301737,0.235607,0.120115,0.0,0.662334
fixed_line_subscribers,2020,post,0.444514,0.409473,0.326265,0.282255,0.218145,0.10812,0.0,0.668613
fixed_line_subscribers,2021,post,0.439266,0.406569,0.317005,0.277545,0.213749,0.103255,0.0,0.674278
fixed_line_subscribers,2022,post,0.435422,0.401499,0.30961,0.270772,0.207915,0.101694,0.0,0.67154
fixed_line_subscribers,2023,post,0.431577,0.395155,0.302384,0.262826,0.201468,0.100916,0.0,0.666264
grass_pitches,2007,pre,0.444444,0.321429,0.329164,0.176757,0.115076,0.214088,0.0,0.3496
grass_pitches,2008,pre,0.451628,0.330049,0.341491,0.187112,0.123896,0.217595,0.0,0.362808
grass_pitches,2011,post,0.411024,0.28869,0.283575,0.143511,0.089749,0.193826,0.0,0.316491
grass_pitches,2012,post,0.409864,0.287172,0.280134,0.139858,0.086983,0.193151,0.0,0.310504
grass_pitches,2013,post,0.394583,0.281429,0.25707,0.136347,0.084323,0.172747,0.0,0.328016
grass_pitches,2014,post,0.395238,0.282993,0.255446,0.139275,0.086498,0.168949,0.0,0.338614
grass_pitches,2015,post,0.371753,0.280767,0.2242,0.139294,0.089755,0.134445,0.0,0.400335
grass_pitches,2023,post,0.289456,0.227359,0.139301,0.088435,0.048747,0.090554,0.0,0.349941
job_offers,2001,pre,0.45572,0.364942,0.345914,0.217376,0.176944,0.16897,0.0,0.511525
job_offers,2002,pre,0.425797,0.360967,0.304285,0.21621,0.180885,0.1234,0.0,0.594459
job_offers,2003,pre,0.406342,0.332945,0.27523,0.181823,0.1533,0.121931,0.0,0.556987
job_offers,2004,pre,0.408256,0.338047,0.280331,0.194771,0.160506,0.119825,0.0,0.572558
job_offers,2005,pre,0.434519,0.373222,0.321568,0.233626,0.193068,0.1285,0.0,0.600395
job_offers,2006,pre,0.44579,0.389893,0.341323,0.259119,0.212344,0.128978,0.0,0.622122
job_offers,2007,pre,0.445356,0.386552,0.339689,0.255011,0.210801,0.128887,0.0,0.620572
job_offers,2008,pre,0.434197,0.370396,0.31918,0.232857,0.189608,0.129573,0.0,0.594045
job_offers,2009,pre,0.424601,0.367798,0.298895,0.226876,0.177197,0.121698,0.0,0.59284
job_offers,2010,pre,0.394948,0.351013,0.255072,0.202639,0.156333,0.098739,0.0,0.612897
job_offers,2011,post,0.438679,0.377076,0.31422,0.24832,0.197265,0.116955,0.0,0.627793
job_offers,2012,post,0.448791,0.376074,0.327105,0.235984,0.185979,0.141126,0.0,0.568561
job_offers,2013,post,0.408278,0.351867,0.269639,0.209262,0.168965,0.100673,0.0,0.626636
job_offers,2014,post,0.407451,0.35514,0.268575,0.213542,0.17158,0.096995,0.0,0.638853
job_offers,2015,post,0.433262,0.374827,0.306018,0.253495,0.212289,0.093729,0.0,0.693715
job_offers,2016,post,0.437797,0.377306,0.31238,0.258575,0.2183,0.09408,0.0,0.698829
job_offers,2017,post,0.446991,0.375644,0.324719,0.246269,0.207187,0.117532,0.0,0.638051
job_offers,2018,post,0.463406,0.41743,0.357992,0.312036,0.260038,0.097953,0.0,0.726382
job_offers,2019,post,0.477001,0.409424,0.380846,0.308601,0.262945,0.117901,0.0,0.690423
job_offers,2020,post,0.575774,0.456796,0.573299,0.40239,0.359763,0.213536,0.0,0.627531
job_offers,2021,post,0.595465,0.50694,0.624524,0.498808,0.436682,0.187842,0.0,0.699224
job_offers,2022,post,0.57439,0.498035,0.56467,0.440932,0.38975,0.17492,0.0,0.690226
job_offers,2023,post,0.560789,0.482929,0.536067,0.424407,0.373128,0.16294,0.0,0.696046
job_placements,2001,pre,0.444208,0.365204,0.325774,0.216705,0.177864,0.14791,0.0,0.545975
job_placements,2002,pre,0.43085,0.352403,0.307158,0.206191,0.175622,0.131537,0.0,0.571762
job_placements,2003,pre,0.415722,0.342612,0.288615,0.193231,0.16224,0.126375,0.0,0.562133
job_placements,2004,pre,0.414674,0.350271,0.287404,0.202687,0.169185,0.11822,0.0,0.588664
job_placements,2005,pre,0.444185,0.387022,0.336939,0.24822,0.207894,0.129046,0.0,0.617007
job_placements,2006,pre,0.440465,0.387189,0.330806,0.250451,0.208919,0.121887,0.0,0.631544
job_placements,2007,pre,0.445532,0.391822,0.335278,0.254828,0.213235,0.122042,0.0,0.635996
job_placements,2008,pre,0.425127,0.362339,0.304363,0.221458,0.180582,0.12378,0.0,0.593313
job_placements,2009,pre,0.426036,0.366278,0.30309,0.225945,0.179625,0.123466,0.0,0.592643
job_placements,2010,pre,0.405964,0.355626,0.273847,0.2114,0.166869,0.106978,0.0,0.60935
job_placements,2011,post,0.456015,0.372349,0.348293,0.25016,0.202883,0.14541,0.0,0.582508
job_placements,2012,post,0.451232,0.399908,0.335008,0.278288,0.220429,0.11458,0.0,0.657979
job_placements,2013,post,0.436085,0.375665,0.309734,0.245544,0.198181,0.111553,0.0,0.639844
job_placements,2014,post,0.44652,0.38719,0.331009,0.264076,0.214477,0.116531,0.0,0.647951
job_placements,2015,post,0.44912,0.373718,0.327277,0.252882,0.205769,0.121508,0.0,0.628731
job_placements,2016,post,0.484838,0.417937,0.389744,0.328009,0.276559,0.113185,0.0,0.709592
job_placements,2017,post,0.465223,0.390601,0.353319,0.280504,0.228528,0.124791,0.0,0.646803
job_placements,2018,post,0.456098,0.382692,0.340014,0.269234,0.223257,0.116757,0.0,0.65661
job_placements,2019,post,0.458188,0.394244,0.343361,0.284075,0.23848,0.104881,0.0,0.694547
job_placements,2020,post,0.462255,0.398783,0.354198,0.282883,0.22357,0.130628,0.0,0.631202
job_placements,2021,post,0.472818,0.416947,0.375057,0.305474,0.250867,0.124191,0.0,0.668876
job_placements,2022,post,0.460049,0.401203,0.35005,0.293463,0.240701,0.10935,0.0,0.687617
job_placements,2023,post,0.426129,0.368083,0.298602,0.246659,0.201683,0.09692,0.0,0.675422
library_book_stock,2000,pre,0.254354,0.171005,0.103274,0.046721,0.035208,0.068066,0.0,0.34092
library_book_stock,2001,pre,0.250922,0.168579,0.099858,0.045413,0.033657,0.066201,0.0,0.337049
library_book_stock,2002,pre,0.251238,0.171148,0.10124,0.046388,0.035885,0.065354,0.0,0.35446
library_book_stock,2003,pre,0.245488,0.167999,0.096005,0.044816,0.033129,0.062876,0.0,0.345073
library_book_stock,2004,pre,0.24115,0.169885,0.092595,0.045582,0.032801,0.059794,0.0,0.354245
library_book_stock,2005,pre,0.242611,0.164672,0.092743,0.043516,0.031809,0.060934,0.0,0.342978
library_book_stock,2006,pre,0.224872,0.162804,0.080921,0.042264,0.029037,0.051884,0.0,0.358836
library_book_stock,2007,pre,0.210878,0.158107,0.07178,0.039857,0.02513,0.04665,0.0,0.350094
library_book_stock,2008,pre,0.213207,0.156963,0.073547,0.039889,0.026106,0.047441,0.0,0.354955
library_book_stock,2009,pre,0.193679,0.13842,0.060266,0.030784,0.017794,0.042472,0.0,0.295263
library_book_stock,2010,pre,0.18921,0.141081,0.058673,0.032168,0.017813,0.040859,0.0,0.303601
library_book_stock,2011,post,0.184171,0.139135,0.055558,0.031391,0.017004,0.038554,0.0,0.306063
library_book_stock,2012,post,0.17759,0.13801,0.051683,0.031173,0.016293,0.03539,0.0,0.315243
library_book_stock,2013,post,0.187836,0.136302,0.056296,0.029904,0.022393,0.033903,0.0,0.397779
library_book_stock,2014,post,0.185611,0.138137,0.055362,0.030614,0.019069,0.036293,0.0,0.344448
library_book_stock,2015,post,0.18441,0.147516,0.054877,0.035537,0.021341,0.033536,0.0,0.388892
library_book_stock,2016,post,0.179065,0.140315,0.051888,0.031662,0.018509,0.033379,0.0,0.35671
library_book_stock,2017,post,0.16966,0.125872,0.046641,0.025286,0.015359,0.031282,0.0,0.329294
library_book_stock,2018,post,0.167263,0.126032,0.045571,0.0253,0.015112,0.030459,0.0,0.33162
library_book_stock,2019,post,0.168837,0.134465,0.046368,0.028556,0.015642,0.030726,0.0,0.337348
library_book_stock,2020,post,0.167624,0.133931,0.045708,0.028312,0.015416,0.030292,0.0,0.337263
library_book_stock,2021,post,0.162157,0.1315,0.042798,0.027225,0.014416,0.028383,0.0,0.336832
library_book_stock,2022,post,0.158658,0.129884,0.041003,0.026518,0.013814,0.027188,0.0,0.336915
library_book_stock,2023,post,0.164732,0.124649,0.043302,0.02471,0.013628,0.029674,0.0,0.314723
library_books_lent,2001,pre,0.302253,0.142053,0.147057,0.033712,0.027787,0.11927,0.0,0.188956
library_books_lent,2002,pre,0.31703,0.188065,0.159493,0.056144,0.041133,0.118361,0.0,0.257895
library_books_lent,2003,pre,0.312793,0.190794,0.155074,0.057791,0.040166,0.114908,0.0,0.259009
library_books_lent,2004,pre,0.343783,0.220479,0.18936,0.08013,0.069962,0.119398,0.0,0.369465
library_books_lent,2005,pre,0.33944,0.205432,0.184418,0.072769,0.050957,0.133461,0.0,0.276311
library_books_lent,2006,pre,0.294856,0.244396,0.139986,0.096301,0.062038,0.077948,0.0,0.443173
library_books_lent,2007,pre,0.310047,0.212986,0.160119,0.07809,0.059073,0.101047,0.0,0.368929
library_books_lent,2008,pre,0.3442,0.262516,0.209729,0.110424,0.107851,0.101878,0.0,0.514241
library_books_lent,2009,pre,0.277515,0.225215,0.120156,0.08024,0.049061,0.071095,0.0,0.408307
library_books_lent,2010,pre,0.300911,0.229341,0.145759,0.084344,0.051607,0.094152,0.0,0.354056
library_books_lent,2011,post,0.300911,0.229341,0.145759,0.084344,0.051607,0.094152,0.0,0.354056
library_books_lent,2012,post,0.352537,0.268206,0.235235,0.132591,0.093541,0.141694,0.0,0.39765
library_books_lent,2013,post,0.245919,0.149189,0.095403,0.03874,0.017272,0.078131,0.0,0.181039
library_books_lent,2014,post,0.245717,0.146876,0.096229,0.041816,0.030071,0.066158,0.0,0.312495
library_books_lent,2015,post,0.28947,0.180201,0.136402,0.052974,0.027235,0.109167,0.0,0.199665
library_books_lent,2016,post,0.258068,0.128896,0.106341,0.030272,0.018681,0.087659,0.0,0.175674
library_books_lent,2017,post,0.236611,0.111121,0.088113,0.022579,0.018433,0.06968,0.0,0.209192
library_books_lent,2018,post,0.222572,0.120435,0.080324,0.026811,0.014918,0.065405,0.0,0.185726
library_books_lent,2019,post,0.258013,0.084793,0.105051,0.018991,0.02513,0.079921,0.0,0.239213
library_books_lent,2020,post,0.256855,0.088047,0.107546,0.018534,0.024491,0.083055,0.0,0.227728
library_books_lent,2021,post,0.264769,0.149522,0.110858,0.036144,0.025991,0.084867,0.0,0.234452
library_books_lent,2022,post,0.266883,0.127863,0.112523,0.027871,0.029473,0.08305,0.0,0.261925
library_books_lent,2023,post,0.253986,0.157965,0.101949,0.039242,0.032,0.069949,0.0,0.313883
library_capacity,2002,pre,0.233571,0.148022,0.086159,0.03773,0.035315,0.050844,0.0,0.409882
library_capacity,2003,pre,0.23324,0.144344,0.085892,0.036442,0.032957,0.052934,0.0,0.383706
library_capacity,2004,pre,0.22808,0.14979,0.081803,0.041241,0.034887,0.046916,0.0,0.426478
library_capacity,2005,pre,0.232479,0.149192,0.085375,0.039852,0.035526,0.04985,0.0,0.416113
library_capacity,2006,pre,0.223456,0.145746,0.076968,0.041477,0.032502,0.044466,0.0,0.422276
library_capacity,2007,pre,0.209574,0.140812,0.069115,0.037997,0.030523,0.038592,0.0,0.441627
library_capacity,2008,pre,0.207228,0.137029,0.067579,0.034504,0.028267,0.039312,0.0,0.418284
library_capacity,2009,pre,0.19445,0.117573,0.058688,0.025554,0.023113,0.035575,0.0,0.393828
library_capacity,2010,pre,0.203124,0.124289,0.064175,0.02922,0.024369,0.039806,0.0,0.379729
library_capacity,2011,post,0.203124,0.124289,0.064175,0.02922,0.024369,0.039806,0.0,0.379729
library_capacity,2012,post,0.192076,0.124901,0.058039,0.030294,0.02378,0.034259,0.0,0.409726
library_capacity,2013,post,0.192736,0.120259,0.058258,0.027895,0.023856,0.034402,0.0,0.409488
library_capacity,2014,post,0.185214,0.115754,0.054671,0.024997,0.019248,0.035423,0.0,0.352067
library_capacity,2015,post,0.179129,0.119211,0.051144,0.029064,0.021401,0.029743,0.0,0.418446
library_capacity,2016,post,0.184804,0.115088,0.05488,0.02876,0.020985,0.033894,0.0,0.382389
library_capacity,2017,post,0.174886,0.092901,0.048241,0.017401,0.014009,0.034232,0.0,0.290405
library_capacity,2018,post,0.223906,0.131725,0.080666,0.027285,0.021019,0.059647,0.0,0.260567
library_capacity,2019,post,0.177317,0.11306,0.049918,0.025338,0.019513,0.030405,0.0,0.390897
library_capacity,2020,post,0.18247,0.114908,0.052787,0.026415,0.020036,0.032751,0.0,0.379562
library_capacity,2021,post,0.182656,0.115403,0.052843,0.026221,0.019833,0.033011,0.0,0.375313
library_capacity,2022,post,0.182672,0.116857,0.05376,0.02493,0.020065,0.033695,0.0,0.37323
library_capacity,2023,post,0.183162,0.114555,0.052342,0.026183,0.019645,0.032697,0.0,0.375319
library_readers,2000,pre,0.300648,0.149546,0.143247,0.039436,0.03087,0.112377,0.0,0.215502
library_readers,2001,pre,0.292367,0.111517,0.135887,0.022793,0.016874,0.119013,0.0,0.124174
library_readers,2002,pre,0.291179,0.143714,0.137418,0.034743,0.024054,0.113364,0.0,0.175043
library_readers,2003,pre,0.28975,0.142621,0.135488,0.034051,0.023778,0.11171,0.0,0.175498
library_readers,2004,pre,0.298253,0.162611,0.146168,0.04197,0.03154,0.114628,0.0,0.215778
library_readers,2005,pre,0.297908,0.147814,0.146307,0.034332,0.02219,0.124117,0.0,0.151669
library_readers,2006,pre,0.28255,0.13479,0.128876,0.029353,0.01892,0.109957,0.0,0.146804
library_readers,2007,pre,0.254004,0.137,0.104127,0.033588,0.018645,0.085482,0.0,0.179059
library_readers,2008,pre,0.260929,0.135278,0.110775,0.031721,0.01633,0.094445,0.0,0.147417
library_readers,2009,pre,0.274435,0.154693,0.122998,0.040594,0.017679,0.10532,0.0,0.14373
library_readers,2010,pre,0.266825,0.137615,0.115587,0.034625,0.017552,0.098035,0.0,0.151854
library_readers,2011,post,0.266825,0.137615,0.115587,0.034625,0.017552,0.098035,0.0,0.151854
library_readers,2012,post,0.267857,0.157462,0.115969,0.041976,0.025254,0.090715,0.0,0.217765
library_readers,2013,post,0.28023,0.165407,0.126,0.0464,0.023974,0.102026,0.0,0.190267
library_readers,2014,post,0.242779,0.156052,0.092649,0.03946,0.029454,0.063195,0.0,0.317907
library_readers,2015,post,0.285094,0.196347,0.129483,0.060845,0.04063,0.088853,0.0,0.313787
library_readers,2016,post,0.278901,0.173073,0.125197,0.049249,0.031636,0.09356,0.0,0.252693
library_readers,2017,post,0.285693,0.169945,0.133427,0.048626,0.040627,0.0928,0.0,0.304491
library_readers,2018,post,0.279076,0.165422,0.125099,0.045041,0.036664,0.088435,0.0,0.293082
library_readers,2019,post,0.266443,0.126899,0.118632,0.025246,0.023101,0.095531,0.0,0.194727
library_readers,2020,post,0.333243,0.17419,0.1818,0.049176,0.05815,0.12365,0.0,0.319855
library_readers,2021,post,0.321326,0.192026,0.166997,0.060627,0.051049,0.115949,0.0,0.305685
library_readers,2022,post,0.313343,0.159532,0.159261,0.041483,0.051239,0.108023,0.0,0.321726
library_readers,2023,post,0.275289,0.148791,0.118352,0.036397,0.03488,0.083472,0.0,0.294711
library_subscribers,2000,pre,0.332566,0.252504,0.181097,0.107801,0.070631,0.110465,0.0,0.390019
library_subscribers,2001,pre,0.331407,0.255335,0.176875,0.110864,0.073287,0.103588,0.0,0.414342
library_subscribers,2002,pre,0.331434,0.272388,0.177598,0.122418,0.085263,0.092335,0.0,0.480088
library_subscribers,2003,pre,0.322444,0.246111,0.168635,0.103612,0.063224,0.10541,0.0,0.374919
library_subscribers,2004,pre,0.357905,0.285651,0.207748,0.136322,0.086924,0.120823,0.0,0.418414
library_subscribers,2005,pre,0.339408,0.243024,0.184998,0.103157,0.063358,0.121639,0.0,0.342481
library_subscribers,2006,pre,0.31749,0.235597,0.162166,0.094605,0.062812,0.099355,0.0,0.387329
library_subscribers,2007,pre,0.282012,0.22539,0.13119,0.089351,0.054472,0.076718,0.0,0.415214
library_subscribers,2008,pre,0.311779,0.246844,0.154757,0.106578,0.071043,0.083714,0.0,0.459064
library_subscribers,2009,pre,0.305072,0.242181,0.149353,0.10074,0.064946,0.084407,0.0,0.434848
library_subscribers,2010,pre,0.290786,0.16379,0.136725,0.042729,0.022097,0.114628,0.0,0.161619
library_subscribers,2011,post,0.290786,0.16379,0.136725,0.042729,0.022097,0.114628,0.0,0.161619
library_subscribers,2012,post,0.279383,0.212054,0.127208,0.072426,0.043071,0.084137,0.0,0.338585
library_subscribers,2013,post,0.252794,0.193769,0.100437,0.059952,0.032132,0.068305,0.0,0.319922
library_subscribers,2014,post,0.393408,0.341485,0.325415,0.225361,0.176995,0.14842,0.0,0.543906
library_subscribers,2015,post,0.277939,0.192574,0.121453,0.059998,0.033224,0.088229,0.0,0.273556
library_subscribers,2016,post,0.273328,0.173328,0.117621,0.047615,0.028584,0.089038,0.0,0.243014
library_subscribers,2017,post,0.26634,0.181362,0.110321,0.053084,0.034302,0.076019,0.0,0.310931
library_subscribers,2018,post,0.245373,0.18628,0.098161,0.056897,0.038757,0.059404,0.0,0.394832
library_subscribers,2019,post,0.287526,0.185519,0.130976,0.054927,0.050598,0.080378,0.0,0.386316
library_subscribers,2020,post,0.305208,0.220421,0.147091,0.079644,0.067277,0.079814,0.0,0.457385
library_subscribers,2021,post,0.270937,0.211815,0.116733,0.071643,0.058424,0.058309,0.0,0.500491
library_subscribers,2022,post,0.236851,0.169761,0.090307,0.048606,0.046684,0.043623,0.0,0.516946
library_subscribers,2023,post,0.216986,0.174685,0.078467,0.048498,0.039728,0.038739,0.0,0.506305
marriages,2001,pre,0.327566,0.258943,0.177824,0.109901,0.073539,0.104285,0.0,0.413548
marriages,2002,pre,0.333225,0.275795,0.180968,0.122436,0.084729,0.096239,0.0,0.468199
marriages,2003,pre,0.330118,0.269857,0.17628,0.115574,0.077583,0.098697,0.0,0.440114
marriages,2004,pre,0.308061,0.255874,0.154682,0.104445,0.072227,0.082455,0.0,0.466937
marriages,2005,pre,0.328504,0.250639,0.179519,0.101223,0.068,0.111519,0.0,0.378791
marriages,2006,pre,0.299398,0.229393,0.146942,0.084479,0.054526,0.092416,0.0,0.371073
marriages,2007,pre,0.293741,0.229025,0.139244,0.083334,0.055386,0.083858,0.0,0.397762
marriages,2008,pre,0.307982,0.248648,0.150929,0.100755,0.066839,0.08409,0.0,0.44285
marriages,2010,pre,0.312404,0.256756,0.158778,0.106751,0.073007,0.085771,0.0,0.459805
marriages,2011,post,0.30646,0.242597,0.151265,0.094689,0.064866,0.0864,0.0,0.42882
marriages,2012,post,0.287389,0.221837,0.13317,0.079562,0.055717,0.077453,0.0,0.418389
marriages,2013,post,0.283541,0.220764,0.129832,0.078107,0.056735,0.073097,0.0,0.436987
marriages,2015,post,0.275004,0.223078,0.124006,0.079122,0.053572,0.070434,0.0,0.432013
marriages,2016,post,0.263241,0.205944,0.113946,0.068649,0.044394,0.069552,0.0,0.389606
marriages,2017,post,0.256709,0.206203,0.106526,0.068923,0.046344,0.060182,0.0,0.43505
marriages,2018,post,0.268915,0.225474,0.117673,0.081161,0.05612,0.061553,0.0,0.476913
marriages,2019,post,0.265098,0.215634,0.114778,0.075558,0.050902,0.063876,0.0,0.443483
marriages,2020,post,0.263514,0.22242,0.114137,0.078793,0.054457,0.05968,0.0,0.477119
marriages,2021,post,0.276716,0.224843,0.125064,0.083554,0.05813,0.066934,0.0,0.464801
marriages,2022,post,0.285157,0.239147,0.131797,0.091749,0.065421,0.066376,0.0,0.496379
marriages,2023,post,0.286374,0.242121,0.133499,0.094168,0.067866,0.065633,0.0,0.508364
money_orders_from_abroad,2003,pre,0.389919,0.289808,0.256738,0.136014,0.098946,0.157792,0.0,0.385397
money_orders_from_abroad,2004,pre,0.394008,0.30121,0.26436,0.147118,0.10831,0.15605,0.0,0.409706
money_orders_from_abroad,2005,pre,0.392005,0.305114,0.264647,0.15031,0.110676,0.153971,0.0,0.418203
money_orders_from_abroad,2006,pre,0.394477,0.308677,0.273797,0.153324,0.111876,0.161921,0.0,0.40861
money_orders_from_abroad,2007,pre,0.386722,0.310184,0.262373,0.153864,0.112158,0.150215,0.0,0.427474
money_orders_from_abroad,2008,pre,0.388168,0.308755,0.265339,0.152629,0.111154,0.154185,0.0,0.418914
money_orders_from_abroad,2009,pre,0.397131,0.314202,0.277702,0.160072,0.118071,0.159632,0.0,0.425169
money_orders_from_abroad,2010,pre,0.401021,0.319985,0.28497,0.165359,0.12294,0.16203,0.0,0.431413
money_orders_from_abroad,2015,post,0.388701,0.310003,0.257937,0.152654,0.11645,0.141487,0.0,0.451467
money_orders_from_abroad,2016,post,0.377725,0.304131,0.243978,0.147581,0.113731,0.130246,0.0,0.466154
money_orders_from_abroad,2017,post,0.374334,0.30394,0.239393,0.146545,0.109564,0.129829,0.0,0.457675
money_orders_from_abroad,2018,post,0.369637,0.304057,0.234807,0.146999,0.111592,0.123215,0.0,0.47525
money_orders_from_abroad,2019,post,0.372245,0.302966,0.236367,0.146856,0.111975,0.124393,0.0,0.473732
money_orders_from_abroad,2020,post,0.33814,0.257473,0.188123,0.109626,0.083686,0.104437,0.0,0.444846
money_orders_from_abroad,2021,post,0.341252,0.268475,0.188484,0.115672,0.086938,0.101546,0.0,0.461249
money_orders_from_abroad,2022,post,0.344741,0.275506,0.19274,0.121472,0.090758,0.101982,0.0,0.470883
money_orders_from_abroad,2023,post,0.350956,0.288365,0.198314,0.132301,0.099574,0.09874,0.0,0.502103
primary_classrooms,2000,pre,0.228206,0.16547,0.085572,0.047313,0.030161,0.05541,0.0,0.35247
primary_classrooms,2001,pre,0.227568,0.165658,0.085475,0.047576,0.030628,0.054848,0.0,0.358322
primary_classrooms,2002,pre,0.226916,0.165668,0.084809,0.047025,0.029831,0.054978,0.0,0.351746
primary_classrooms,2003,pre,0.225207,0.16615,0.083731,0.047184,0.030061,0.05367,0.0,0.359016
primary_classrooms,2004,pre,0.223552,0.163677,0.082249,0.045855,0.029281,0.052968,0.0,0.356008
primary_classrooms,2005,pre,0.223404,0.165398,0.082244,0.046626,0.029823,0.05242,0.0,0.362621
primary_classrooms,2006,pre,0.228379,0.170895,0.086269,0.049389,0.031533,0.054736,0.0,0.365521
primary_classrooms,2007,pre,0.228274,0.172799,0.086498,0.050692,0.032368,0.05413,0.0,0.374207
primary_classrooms,2008,pre,0.226761,0.171894,0.08532,0.049939,0.03152,0.053799,0.0,0.369439
primary_classrooms,2009,pre,0.232536,0.176254,0.089021,0.05166,0.03304,0.055981,0.0,0.371147
primary_classrooms,2010,pre,0.23286,0.174113,0.089253,0.050797,0.032757,0.056495,0.0,0.367015
primary_classrooms,2011,post,0.230606,0.174512,0.087714,0.05056,0.032003,0.055712,0.0,0.364851
primary_classrooms,2012,post,0.227779,0.173287,0.085613,0.049699,0.0306,0.055013,0.0,0.357423
primary_classrooms,2013,post,0.226074,0.171316,0.084131,0.048944,0.030362,0.053769,0.0,0.360893
primary_classrooms,2014,post,0.224174,0.168241,0.082837,0.04697,0.028851,0.053985,0.0,0.348292
primary_classrooms,2015,post,0.225045,0.168175,0.083999,0.046671,0.028505,0.055494,0.0,0.339349
primary_classrooms,2016,post,0.227151,0.170039,0.085312,0.047966,0.029772,0.05554,0.0,0.348978
primary_classrooms,2017,post,0.227445,0.172662,0.085548,0.049765,0.031219,0.054329,0.0,0.36493
primary_classrooms,2018,post,0.227044,0.172508,0.085411,0.049687,0.031108,0.054303,0.0,0.364219
primary_pupils,2000,pre,0.246097,0.19057,0.098376,0.059627,0.040371,0.058005,0.0,0.410373
primary_pupils,2001,pre,0.247767,0.194706,0.099636,0.062209,0.042624,0.057012,0.0,0.427799
primary_pupils,2002,pre,0.248978,0.19708,0.100643,0.063566,0.043753,0.05689,0.0,0.434738
primary_pupils,2003,pre,0.252308,0.201508,0.103097,0.066366,0.046027,0.057069,0.0,0.446449
primary_pupils,2004,pre,0.254957,0.20578,0.105075,0.068908,0.047975,0.0571,0.0,0.456579
primary_pupils,2005,pre,0.256782,0.209678,0.106538,0.071399,0.049557,0.056982,0.0,0.465152
primary_pupils,2006,pre,0.260078,0.213632,0.109081,0.073907,0.051246,0.057836,0.0,0.469793
primary_pupils,2007,pre,0.2624,0.217584,0.110913,0.07631,0.052915,0.057998,0.0,0.477087
primary_pupils,2008,pre,0.266544,0.223885,0.114121,0.080389,0.055896,0.058225,0.0,0.489794
primary_pupils,2009,pre,0.268367,0.227523,0.115616,0.082801,0.057707,0.05791,0.0,0.499122
primary_pupils,2010,pre,0.271044,0.230525,0.117723,0.085026,0.059669,0.058054,0.0,0.506857
primary_pupils,2011,post,0.273215,0.233198,0.119547,0.086958,0.06167,0.057877,0.0,0.515863
primary_pupils,2012,post,0.275767,0.236489,0.121718,0.089549,0.064135,0.057583,0.0,0.526914
primary_pupils,2013,post,0.276263,0.237144,0.122083,0.090219,0.064962,0.05712,0.0,0.532117
primary_pupils,2014,post,0.277185,0.238063,0.122971,0.091068,0.066029,0.056942,0.0,0.536947
primary_pupils,2015,post,0.277621,0.238598,0.123448,0.091722,0.066892,0.056555,0.0,0.541868
primary_pupils,2016,post,0.278062,0.238293,0.123848,0.091719,0.067107,0.056741,0.0,0.541852
primary_pupils,2017,post,0.278199,0.237598,0.124046,0.091398,0.067106,0.05694,0.0,0.540977
primary_pupils,2018,post,0.277321,0.236831,0.12352,0.090816,0.066848,0.056672,0.0,0.54119
primary_pupils,2019,post,0.276537,0.236195,0.123084,0.090144,0.066678,0.056405,0.0,0.541732
primary_pupils,2020,post,0.275461,0.236285,0.12249,0.08974,0.066612,0.055878,0.0,0.543815
primary_pupils,2021,post,0.273698,0.234602,0.12117,0.088214,0.065756,0.055413,0.0,0.542679
primary_pupils,2022,post,0.272265,0.234231,0.120298,0.087735,0.065851,0.054447,0.0,0.5474
primary_pupils,2023,post,0.269533,0.231578,0.1184,0.0856,0.064625,0.053775,0.0,0.545819
primary_schools,2000,pre,0.241349,0.175076,0.094087,0.051137,0.04711,0.046977,0.0,0.500703
primary_schools,2001,pre,0.241473,0.176369,0.09413,0.051824,0.047621,0.046509,0.0,0.505904
primary_schools,2002,pre,0.241288,0.176804,0.094075,0.052089,0.047744,0.046331,0.0,0.507508
primary_schools,2003,pre,0.240965,0.176828,0.093826,0.051966,0.047843,0.045983,0.0,0.509914
primary_schools,2004,pre,0.240914,0.177061,0.093797,0.05204,0.048004,0.045793,0.0,0.511788
primary_schools,2005,pre,0.240873,0.177204,0.093868,0.052181,0.047956,0.045913,0.0,0.510885
primary_schools,2006,pre,0.240952,0.177747,0.09398,0.052555,0.048186,0.045794,0.0,0.512728
primary_schools,2007,pre,0.241227,0.179087,0.094226,0.053214,0.048808,0.045418,0.0,0.51799
primary_schools,2008,pre,0.241331,0.179671,0.094159,0.053503,0.049153,0.045006,0.0,0.522025
primary_schools,2009,pre,0.24108,0.179512,0.094047,0.053493,0.049011,0.045035,0.0,0.521137
primary_schools,2010,pre,0.241202,0.179473,0.094086,0.053459,0.049008,0.045079,0.0,0.520878
primary_schools,2011,post,0.241331,0.179716,0.094193,0.053618,0.049129,0.045064,0.0,0.521573
primary_schools,2012,post,0.241405,0.180032,0.094252,0.053925,0.049181,0.045071,0.0,0.521801
primary_schools,2013,post,0.24338,0.181464,0.095745,0.054476,0.050054,0.045691,0.0,0.522783
primary_schools,2014,post,0.242945,0.181568,0.095414,0.054519,0.049976,0.045439,0.0,0.523776
primary_schools,2015,post,0.243361,0.182358,0.0958,0.055145,0.050275,0.045526,0.0,0.524784
primary_schools,2016,post,0.242904,0.181949,0.095563,0.055152,0.05007,0.045493,0.0,0.523944
primary_schools,2017,post,0.242625,0.181194,0.095297,0.054558,0.049466,0.04583,0.0,0.519079
primary_schools,2018,post,0.242245,0.181416,0.09495,0.05473,0.049348,0.045602,0.0,0.519729
primary_schools,2019,post,0.24259,0.181353,0.095238,0.054711,0.049392,0.045846,0.0,0.518613
primary_schools,2020,post,0.24278,0.181518,0.095432,0.054758,0.049471,0.045961,0.0,0.518388
primary_schools,2021,post,0.242347,0.181563,0.095105,0.05469,0.049338,0.045767,0.0,0.518771
primary_schools,2022,post,0.242536,0.181229,0.095197,0.054495,0.04905,0.046147,0.0,0.515249
primary_schools,2023,post,0.242471,0.181217,0.09506,0.054401,0.049026,0.046035,0.0,0.515734
primary_teachers,2000,pre,0.235306,0.177837,0.091335,0.053661,0.034842,0.056494,0.0,0.381472
primary_teachers,2001,pre,0.237831,0.181436,0.093439,0.055579,0.036075,0.057364,0.0,0.386077
primary_teachers,2002,pre,0.23941,0.182704,0.094637,0.056344,0.036859,0.057778,0.0,0.38948
primary_teachers,2003,pre,0.239898,0.184753,0.095059,0.056651,0.037291,0.057768,0.0,0.392298
primary_teachers,2004,pre,0.24156,0.185115,0.096484,0.057252,0.038111,0.058373,0.0,0.394996
primary_teachers,2005,pre,0.241354,0.186033,0.096463,0.05783,0.038452,0.058011,0.0,0.398621
primary_teachers,2006,pre,0.241224,0.184936,0.096323,0.056979,0.037733,0.058589,0.0,0.391737
primary_teachers,2007,pre,0.240326,0.183688,0.095559,0.056471,0.037803,0.057756,0.0,0.3956
primary_teachers,2008,pre,0.23889,0.184343,0.094224,0.056809,0.037785,0.056439,0.0,0.40101
primary_teachers,2009,pre,0.238268,0.183487,0.09376,0.056112,0.037155,0.056605,0.0,0.39628
primary_teachers,2010,pre,0.240249,0.183518,0.095068,0.055968,0.037233,0.057835,0.0,0.391645
primary_teachers,2011,post,0.241108,0.182196,0.096024,0.055488,0.037436,0.058588,0.0,0.389858
primary_teachers,2012,post,0.241089,0.181528,0.09581,0.054881,0.036825,0.058985,0.0,0.384351
primary_teachers,2013,post,0.237422,0.180883,0.093253,0.054587,0.036276,0.056977,0.0,0.389003
primary_teachers,2014,post,0.237819,0.18209,0.093234,0.0551,0.036662,0.056572,0.0,0.393224
primary_teachers,2015,post,0.239712,0.186622,0.094709,0.057945,0.039507,0.055202,0.0,0.417141
primary_teachers,2016,post,0.243576,0.186281,0.098337,0.056857,0.037849,0.060488,0.0,0.384894
primary_teachers,2017,post,0.246933,0.185753,0.100589,0.055546,0.036974,0.063615,0.0,0.367572
primary_teachers,2018,post,0.246331,0.184213,0.100364,0.054928,0.036993,0.063371,0.0,0.368587
primary_teachers,2019,post,0.245316,0.185114,0.099991,0.055919,0.037999,0.061992,0.0,0.380025
primary_teachers,2020,post,0.24627,0.185846,0.100198,0.057253,0.03979,0.060408,0.0,0.397115
primary_teachers,2021,post,0.242611,0.186792,0.096677,0.058049,0.040994,0.055683,0.0,0.424028
primary_teachers,2022,post,0.238342,0.186886,0.092764,0.058118,0.041396,0.051367,0.0,0.446255
primary_teachers,2023,post,0.238687,0.188443,0.093043,0.059192,0.042256,0.050787,0.0,0.454151
private_gym_members,2007,pre,0.562991,0.527282,0.669801,0.551967,0.457434,0.212367,0.0,0.682941
private_gym_members,2008,pre,0.435829,0.411053,0.306991,0.290016,0.220127,0.086864,0.0,0.717046
private_gym_members,2009,pre,0.425431,0.35867,0.294397,0.221688,0.162976,0.131421,0.0,0.553592
private_gym_members,2011,post,0.419739,0.417525,0.289308,0.305372,0.233381,0.055927,0.0,0.806686
private_gym_members,2012,post,0.471137,0.454103,0.366997,0.352315,0.277128,0.089869,0.0,0.755123
private_gym_members,2013,post,0.408491,0.411536,0.273561,0.294096,0.225201,0.04836,0.0,0.823221
private_gym_members,2014,post,0.431265,0.429393,0.303771,0.313169,0.2383,0.065471,0.0,0.784471
private_gym_members,2015,post,0.431085,0.433196,0.304247,0.317406,0.242506,0.061741,0.0,0.79707
private_gym_members,2016,post,0.431106,0.433221,0.304281,0.317437,0.242536,0.061745,0.0,0.79708
private_gym_members,2017,post,0.403157,0.402383,0.263784,0.276079,0.204967,0.058817,0.0,0.777026
private_gym_members,2018,post,0.403157,0.402376,0.263785,0.276072,0.204962,0.058823,0.0,0.777005
private_gym_members,2019,post,0.468403,0.442046,0.368666,0.330926,0.257861,0.110805,0.0,0.699442
private_gym_members,2020,post,0.466792,0.443184,0.366786,0.33197,0.260098,0.106688,0.0,0.709127
private_gym_members,2021,post,0.464802,0.440604,0.36235,0.327458,0.256406,0.105944,0.0,0.70762
private_gym_members,2022,post,0.41267,0.384967,0.284255,0.256498,0.197266,0.086989,0.0,0.693975
private_gym_members,2023,post,0.372411,0.351233,0.229142,0.21087,0.156962,0.07218,0.0,0.684998
private_sports_halls,2007,pre,0.443452,0.424036,0.323896,0.308767,0.239665,0.084231,0.0,0.739945
private_sports_halls,2008,pre,0.416215,0.39247,0.279214,0.262922,0.203281,0.075933,0.0,0.728046
private_sports_halls,2009,pre,0.422227,0.410993,0.289709,0.287983,0.224076,0.065633,0.0,0.773453
private_sports_halls,2010,pre,0.397482,0.384953,0.25753,0.250015,0.192533,0.064998,0.0,0.747611
private_sports_halls,2011,post,0.413305,0.394868,0.278047,0.270976,0.208778,0.069268,0.0,0.750875
private_sports_halls,2012,post,0.422619,0.411333,0.291615,0.290511,0.226136,0.065479,0.0,0.775462
private_sports_halls,2013,post,0.415218,0.407181,0.282024,0.287079,0.222926,0.059098,0.0,0.790449
private_sports_halls,2014,post,0.425693,0.421375,0.29873,0.313805,0.243712,0.055018,0.0,0.815827
private_sports_halls,2015,post,0.471269,0.459585,0.368911,0.367311,0.292443,0.076468,0.0,0.79272
private_sports_halls,2016,post,0.471269,0.459585,0.368911,0.367311,0.292443,0.076468,0.0,0.79272
private_sports_halls,2017,post,0.446449,0.436844,0.331925,0.327522,0.254678,0.077247,0.0,0.767275
private_sports_halls,2018,post,0.448068,0.444091,0.33236,0.335688,0.259303,0.073057,0.0,0.780187
private_sports_halls,2019,post,0.426669,0.402081,0.307269,0.284578,0.214969,0.0923,0.0,0.699612
private_sports_halls,2020,post,0.430159,0.403628,0.307363,0.294996,0.223954,0.083409,0.0,0.72863
private_sports_halls,2021,post,0.41267,0.384967,0.284255,0.256498,0.197266,0.086989,0.0,0.693975
private_sports_halls,2022,post,0.407459,0.369823,0.279136,0.243201,0.18085,0.098287,0.0,0.647889
private_sports_halls,2023,post,0.386122,0.344543,0.249885,0.211581,0.153903,0.095982,0.0,0.615896
public_libraries,2000,pre,0.220846,0.15015,0.075473,0.038475,0.024278,0.051195,0.0,0.321674
public_libraries,2001,pre,0.217814,0.151411,0.073399,0.03865,0.024034,0.049364,0.0,0.327447
public_libraries,2002,pre,0.211292,0.146238,0.069459,0.036321,0.022606,0.046853,0.0,0.325464
public_libraries,2004,pre,0.207413,0.16101,0.066259,0.046321,0.028064,0.038195,0.0,0.423551
public_libraries,2006,pre,0.201784,0.15873,0.06303,0.045157,0.02822,0.034809,0.0,0.447728
public_libraries,2007,pre,0.199349,0.157874,0.061558,0.04428,0.026603,0.034954,0.0,0.43217
public_libraries,2008,pre,0.191138,0.148148,0.056166,0.040161,0.023763,0.032403,0.0,0.423089
public_libraries,2009,pre,0.187117,0.143982,0.053878,0.038165,0.022192,0.031686,0.0,0.411892
public_libraries,2010,pre,0.187117,0.143982,0.053878,0.038165,0.022192,0.031686,0.0,0.411892
public_libraries,2011,post,0.189136,0.144353,0.055075,0.038065,0.022484,0.032592,0.0,0.408233
public_libraries,2012,post,0.186415,0.144345,0.053621,0.037672,0.022119,0.031502,0.0,0.412501
public_libraries,2013,post,0.170121,0.122872,0.044849,0.028501,0.0167,0.028149,0.0,0.372372
public_libraries,2014,post,0.170085,0.124542,0.044858,0.029045,0.015785,0.029073,0.0,0.351886
public_libraries,2015,post,0.170322,0.123881,0.045161,0.030177,0.017344,0.027817,0.0,0.384051
public_libraries,2016,post,0.167597,0.123361,0.043753,0.029198,0.017104,0.026649,0.0,0.390917
public_libraries,2017,post,0.160913,0.12449,0.040674,0.029359,0.015624,0.02505,0.0,0.384131
public_libraries,2018,post,0.15951,0.120336,0.039991,0.027553,0.014874,0.025117,0.0,0.371943
public_libraries,2019,post,0.161674,0.116524,0.041085,0.026615,0.014979,0.026106,0.0,0.364596
public_libraries,2020,post,0.161674,0.116524,0.041085,0.026615,0.014979,0.026106,0.0,0.364596
public_libraries,2021,post,0.160933,0.1173,0.040448,0.026482,0.015513,0.024935,0.0,0.383519
public_libraries,2022,post,0.161067,0.117149,0.040651,0.026904,0.015612,0.025039,0.0,0.384046
public_libraries,2023,post,0.161067,0.117149,0.040651,0.026904,0.015612,0.025039,0.0,0.384046
road_deaths,2002,pre,0.338354,0.263001,0.185944,0.118421,0.090052,0.095892,0.0,0.484296
road_deaths,2003,pre,0.356532,0.238785,0.203386,0.101194,0.08133,0.122056,0.0,0.399879
road_deaths,2004,pre,0.347222,0.255149,0.192741,0.11567,0.09701,0.095731,0.0,0.503317
road_deaths,2005,pre,0.331276,0.241512,0.176521,0.097745,0.075788,0.100733,0.0,0.429341
road_deaths,2013,post,0.33325,0.209018,0.176407,0.071273,0.054369,0.122038,0.0,0.308201
road_deaths,2014,post,0.295554,0.193336,0.139763,0.066315,0.040656,0.099106,0.0,0.290895
road_deaths,2015,post,0.304697,0.212001,0.146932,0.071955,0.055205,0.091727,0.0,0.375718
road_deaths,2016,post,0.326086,0.194436,0.168574,0.064582,0.055768,0.112806,0.0,0.330821
road_deaths,2017,post,0.325694,0.207033,0.173412,0.069085,0.049424,0.123988,0.0,0.285009
road_deaths,2018,post,0.303423,0.229046,0.145687,0.082716,0.061066,0.084621,0.0,0.419159
road_deaths,2019,post,0.326159,0.204472,0.170055,0.066751,0.050438,0.119617,0.0,0.296599
road_deaths,2020,post,0.321026,0.235998,0.173046,0.090283,0.073329,0.099717,0.0,0.423757
road_deaths,2021,post,0.345661,0.243167,0.201471,0.096963,0.069915,0.131557,0.0,0.34702
road_deaths,2022,post,0.349062,0.245439,0.198955,0.103305,0.090681,0.108273,0.0,0.455789
road_deaths,2023,post,0.329047,0.251852,0.178034,0.119952,0.087978,0.090056,0.0,0.494163
road_injuries,2002,pre,0.402575,0.340957,0.285691,0.188245,0.141537,0.144154,0.0,0.49542
road_injuries,2003,pre,0.40803,0.344812,0.286147,0.191406,0.1458,0.140347,0.0,0.509529
road_injuries,2004,pre,0.428527,0.350055,0.315998,0.199888,0.153788,0.16221,0.0,0.486674
road_injuries,2005,pre,0.422789,0.349892,0.307095,0.202272,0.155441,0.151654,0.0,0.506165
road_injuries,2013,post,0.397017,0.340983,0.310624,0.215486,0.159226,0.151398,0.0,0.512602
road_injuries,2014,post,0.358298,0.313583,0.255003,0.176939,0.129301,0.125702,0.0,0.507055
road_injuries,2015,post,0.351835,0.306325,0.241125,0.165858,0.117454,0.123671,0.0,0.487108
road_injuries,2016,post,0.355637,0.284938,0.232385,0.144564,0.100089,0.132296,0.0,0.430704
road_injuries,2017,post,0.344747,0.278225,0.221639,0.158257,0.123653,0.097986,0.0,0.557904
road_injuries,2018,post,0.381534,0.313397,0.270172,0.172617,0.123933,0.146239,0.0,0.458718
road_injuries,2019,post,0.394011,0.302443,0.289299,0.163975,0.124004,0.165295,0.0,0.428637
road_injuries,2020,post,0.369701,0.289221,0.254819,0.14175,0.100171,0.154648,0.0,0.393106
road_injuries,2021,post,0.360108,0.268654,0.238566,0.121197,0.089509,0.149057,0.0,0.375194
road_injuries,2022,post,0.366986,0.27751,0.242846,0.129852,0.093636,0.14921,0.0,0.385578
road_injuries,2023,post,0.339581,0.250208,0.205999,0.103639,0.065252,0.140747,0.0,0.316758
secondary_pupils,2000,pre,0.2369,0.174901,0.095691,0.052525,0.027114,0.068576,0.0,0.283354
secondary_pupils,2001,pre,0.239306,0.176927,0.096808,0.053857,0.02864,0.068168,0.0,0.295843
secondary_pupils,2002,pre,0.19405,0.150333,0.065074,0.039789,0.018174,0.0469,0.0,0.279288
secondary_pupils,2003,pre,0.23372,0.175209,0.091832,0.052565,0.028484,0.063349,0.0,0.310172
secondary_pupils,2004,pre,0.234003,0.177103,0.092039,0.053163,0.029126,0.062913,0.0,0.316449
secondary_pupils,2005,pre,0.234519,0.180243,0.092327,0.054601,0.03037,0.061958,0.0,0.328936
secondary_pupils,2006,pre,0.234677,0.185128,0.092349,0.057177,0.032524,0.059826,0.0,0.352182
secondary_pupils,2007,pre,0.23905,0.191604,0.095524,0.06106,0.035367,0.060157,0.0,0.370242
secondary_pupils,2008,pre,0.241804,0.19686,0.097538,0.064814,0.037816,0.059722,0.0,0.387707
secondary_pupils,2009,pre,0.248206,0.204472,0.101991,0.069946,0.041648,0.060342,0.0,0.408355
secondary_pupils,2010,pre,0.253456,0.211458,0.105695,0.075066,0.045157,0.060538,0.0,0.427236
secondary_pupils,2011,post,0.257351,0.217079,0.109066,0.079013,0.047888,0.061178,0.0,0.439073
secondary_pupils,2012,post,0.25909,0.219961,0.110647,0.081261,0.049348,0.061298,0.0,0.446
secondary_pupils,2013,post,0.262008,0.222846,0.112386,0.083353,0.051243,0.061144,0.0,0.455953
secondary_pupils,2014,post,0.265901,0.2282,0.115348,0.087048,0.054261,0.061087,0.0,0.470415
secondary_pupils,2015,post,0.268636,0.230698,0.117251,0.088608,0.055934,0.061317,0.0,0.477041
secondary_pupils,2016,post,0.271171,0.235185,0.118922,0.091621,0.058409,0.060513,0.0,0.491152
secondary_pupils,2017,post,0.273499,0.238289,0.120559,0.093869,0.060557,0.060002,0.0,0.502303
secondary_pupils,2018,post,0.277069,0.242417,0.123231,0.096829,0.063189,0.060042,0.0,0.51277
secondary_pupils,2019,post,0.278727,0.244854,0.124595,0.098647,0.065024,0.059571,0.0,0.521883
secondary_pupils,2020,post,0.278794,0.245452,0.1243,0.098619,0.065363,0.058937,0.0,0.52585
secondary_pupils,2021,post,0.280137,0.246278,0.125472,0.09918,0.065984,0.059488,0.0,0.525889
secondary_pupils,2022,post,0.279972,0.246415,0.12546,0.099192,0.066178,0.059281,0.0,0.527486
secondary_pupils,2023,post,0.278486,0.244631,0.124243,0.097824,0.065361,0.058882,0.0,0.526073
sports_halls,2007,pre,0.478846,0.415385,0.433331,0.288365,0.216093,0.217238,0.0,0.498678
sports_halls,2008,pre,0.457126,0.407867,0.393149,0.276287,0.209692,0.183458,0.0,0.533364
sports_halls,2009,pre,0.430376,0.390783,0.343306,0.255358,0.18844,0.154866,0.0,0.548899
sports_halls,2010,pre,0.43108,0.38814,0.337926,0.249414,0.18392,0.154006,0.0,0.544261
sports_halls,2011,post,0.430901,0.393966,0.341301,0.257882,0.191287,0.150014,0.0,0.560464
sports_halls,2012,post,0.431373,0.391597,0.331778,0.256083,0.191621,0.140157,0.0,0.577558
sports_halls,2013,post,0.441855,0.40678,0.347817,0.274836,0.206828,0.14099,0.0,0.594644
sports_halls,2014,post,0.440741,0.403175,0.343374,0.270399,0.20575,0.137624,0.0,0.599201
sports_halls,2015,post,0.431995,0.396743,0.331762,0.265343,0.205099,0.126663,0.0,0.61821
sports_halls,2023,post,0.327836,0.329365,0.203448,0.180099,0.126837,0.07661,0.0,0.623439
stillbirths,2003,pre,0.499731,0.297327,,0.155212,,,,
stillbirths,2004,pre,0.531339,0.30445,,0.168063,,,,
stillbirths,2005,pre,0.534045,0.330662,,0.212752,,,,
stillbirths,2006,pre,0.52776,0.355693,,0.230716,,,,
stillbirths,2007,pre,0.611234,0.370705,,0.245505,,,,
stillbirths,2008,pre,0.498262,0.282644,,0.130755,,,,
stillbirths,2009,pre,0.508798,0.305553,,0.159518,,,,
stillbirths,2011,post,0.539778,0.334068,,0.182269,,,,
stillbirths,2012,post,0.475507,0.329628,0.439587,0.185186,0.142185,0.297402,0.0,0.323452
stillbirths,2013,post,0.511713,0.328234,,0.184363,,,,
stillbirths,2014,post,0.517057,0.362031,,0.224175,,,,
stillbirths,2015,post,0.498971,0.364449,0.45112,0.221645,0.189138,0.261983,0.0,0.419262
stillbirths,2016,post,0.507323,0.338355,,0.188132,,,,
stillbirths,2017,post,0.521028,0.382576,,0.243811,,,,
stillbirths,2018,post,0.526071,0.388498,0.501135,0.253438,0.215592,0.285542,0.0,0.430208
stillbirths,2019,post,0.48898,0.36165,0.414526,0.225604,0.187322,0.227204,0.0,0.451894
stillbirths,2020,post,0.463238,0.35236,,0.207485,,,,
stillbirths,2021,post,0.488691,0.363258,,0.225058,,,,
stillbirths,2022,post,0.496956,0.362887,0.440704,0.230382,0.181662,0.259043,0.0,0.412208
stillbirths,2023,post,0.482861,0.333739,0.424306,0.196472,0.155558,0.268749,0.0,0.366616
youth_centre_members,2007,pre,0.341042,0.228053,,0.083209,,,,
youth_centre_members,2008,pre,0.29827,0.207262,0.148474,0.086941,0.068987,0.079487,0.0,0.464639
youth_centre_members,2009,pre,0.309112,0.24999,0.154834,0.111,0.092569,0.062265,0.0,0.597859
youth_centre_members,2010,pre,0.28189,0.201491,0.126026,0.076777,0.061441,0.064584,0.0,0.48753
youth_centre_members,2011,post,0.39167,0.26076,,0.118478,,,,
youth_centre_members,2012,post,0.401658,0.256027,,0.11422,,,,
youth_centre_members,2013,post,0.322502,0.224972,0.168353,0.100522,0.085875,0.082478,0.0,0.510088
youth_centre_members,2014,post,0.321882,0.224927,0.167738,0.100453,0.085906,0.081832,0.0,0.512143
youth_centre_members,2015,post,0.283086,0.214051,0.132276,0.095945,0.081766,0.05051,0.0,0.618144
youth_centre_members,2016,post,0.25617,0.175345,0.104592,0.05291,0.056757,0.047834,0.0,0.542654
youth_centre_members,2017,post,0.346078,0.2403,0.198025,0.111282,0.101705,0.09632,0.0,0.513596
youth_centre_members,2018,post,0.293309,0.228648,0.146239,0.104192,0.081096,0.065143,0.0,0.554545
youth_centre_members,2019,post,0.279549,0.20856,0.135786,0.086956,0.066897,0.068888,0.0,0.492669
youth_centre_members,2020,post,0.281504,0.191163,0.137346,0.092134,0.070066,0.06728,0.0,0.510144
youth_centre_members,2021,post,0.294651,0.197701,0.135038,0.083925,0.069593,0.065445,0.0,0.51536
youth_centre_members,2022,post,0.325624,0.187444,0.168314,0.066696,0.063199,0.105115,0.0,0.375484
youth_centre_members,2023,post,0.189531,0.149096,0.060602,0.041695,0.026477,0.034125,0.0,0.4369
youth_centres,2007,pre,0.219633,0.173366,0.077539,0.055426,0.042678,0.034861,0.0,0.550406
youth_centres,2008,pre,0.211897,0.172932,0.071609,0.056695,0.041654,0.029955,0.0,0.58169
youth_centres,2009,pre,0.219734,0.176826,0.078044,0.059534,0.04407,0.033974,0.0,0.564686
youth_centres,2010,pre,0.221774,0.179724,0.079056,0.060778,0.0449,0.034156,0.0,0.567957
youth_centres,2011,post,0.225106,0.179827,0.082539,0.061474,0.044271,0.038268,0.0,0.536367
youth_centres,2012,post,0.222529,0.170347,0.078963,0.058746,0.038,0.040963,0.0,0.481241
youth_centres,2013,post,0.221875,0.169643,0.078774,0.058803,0.037705,0.041069,0.0,0.478649
youth_centres,2014,post,0.205737,0.150423,0.068617,0.046345,0.028417,0.0402,0.0,0.414145
youth_centres,2015,post,0.209862,0.152905,0.070332,0.04863,0.030842,0.039489,0.0,0.438529
youth_centres,2016,post,0.211826,0.148845,0.071583,0.045854,0.028654,0.042928,0.0,0.400297
youth_centres,2017,post,0.206384,0.152882,0.068819,0.044535,0.026655,0.042164,0.0,0.387315
youth_centres,2018,post,0.203276,0.153592,0.066644,0.044973,0.026349,0.040294,0.0,0.395377
youth_centres,2019,post,0.199737,0.144904,0.064664,0.040674,0.023357,0.041307,0.0,0.361211
youth_centres,2020,post,0.196937,0.147334,0.062572,0.04185,0.023754,0.038818,0.0,0.379627
youth_centres,2021,post,0.197946,0.144881,0.063268,0.040966,0.02373,0.039539,0.0,0.375063
youth_centres,2022,post,0.200094,0.146893,0.064853,0.042338,0.024714,0.040138,0.0,0.381085
youth_centres,2023,post,0.194054,0.145265,0.061863,0.040978,0.023396,0.038467,0.0,0.378191
youth_complexes,2014,post,0.398333,0.182857,,0.06173,,,,
youth_complexes,2015,post,0.416667,0.186813,,0.057688,,,,
youth_complexes,2016,post,0.381173,0.179894,,0.05252,,,,
youth_complexes,2021,post,0.246212,0.147186,,0.035781,,,,
youth_complexes,2022,post,0.246212,0.147186,,0.035781,,,,
youth_complexes,2023,post,0.246429,0.114286,,0.022043,,,,
