series,year,summed,months,printed,agrees,month,check,base_year,monthly_mean,gap
money_orders,1995,188997.0,12.0,188997.0,True,,the twelve months come to the printed total,,,
money_orders,1996,192023.0,12.0,192023.0,True,,the twelve months come to the printed total,,,
money_orders,1997,185881.0,12.0,185881.0,True,,the twelve months come to the printed total,,,
money_orders,2007,484440.0,12.0,484440.0,True,,the twelve months come to the printed total,,,
money_orders,2008,519637.0,12.0,519637.0,True,,the twelve months come to the printed total,,,
money_orders,2009,530234.0,12.0,530234.0,True,,the twelve months come to the printed total,,,
money_orders,2010,558250.0,12.0,558250.0,True,,the twelve months come to the printed total,,,
money_orders,2011,546152.0,12.0,546152.0,True,,the twelve months come to the printed total,,,
money_orders,2012,602041.0,12.0,602041.0,True,,the twelve months come to the printed total,,,
money_orders,2013,590391.0,12.0,590391.0,True,,the twelve months come to the printed total,,,
money_orders,2014,603770.0,12.0,603770.0,True,,the twelve months come to the printed total,,,
money_orders,2015,601438.0,12.0,601438.0,True,,the twelve months come to the printed total,,,
money_orders,2016,622161.0,12.0,622161.0,True,,the twelve months come to the printed total,,,
money_orders,2017,706548.0,12.0,706548.0,True,,the twelve months come to the printed total,,,
money_orders,2018,895517.0,12.0,895519.0,True,,the twelve months come to the printed total,,,
money_orders,2019,1101310.0,12.0,1101310.0,True,,the twelve months come to the printed total,,,
money_orders,2020,1432615.0,12.0,1432615.0,True,,the twelve months come to the printed total,,,
money_orders,2021,2116925.0,12.0,2116925.0,True,,the twelve months come to the printed total,,,
money_orders,2022,2336595.0,12.0,2336595.0,True,,the twelve months come to the printed total,,,
money_orders,2023,2714045.0,12.0,2714045.0,True,,the twelve months come to the printed total,,,
road_deaths,1995,1318.0,12.0,1318.0,True,,the twelve months come to the printed total,,,
road_deaths,1996,1297.0,12.0,1297.0,True,,the twelve months come to the printed total,,,
road_deaths,1997,1307.0,12.0,1307.0,True,,the twelve months come to the printed total,,,
road_deaths,1998,1330.0,12.0,1330.0,True,,the twelve months come to the printed total,,,
road_deaths,1999,1444.0,12.0,1444.0,True,,the twelve months come to the printed total,,,
road_deaths,2000,1499.0,12.0,1499.0,True,,the twelve months come to the printed total,,,
road_deaths,2001,1618.0,12.0,1618.0,True,,the twelve months come to the printed total,,,
road_deaths,2002,1585.0,12.0,1585.0,True,,the twelve months come to the printed total,,,
road_deaths,2003,1656.0,12.0,1656.0,True,,the twelve months come to the printed total,,,
road_deaths,2004,1533.0,12.0,1533.0,True,,the twelve months come to the printed total,,,
road_deaths,2005,1519.0,12.0,1519.0,True,,the twelve months come to the printed total,,,
road_deaths,2006,1516.0,12.0,1516.0,True,,the twelve months come to the printed total,,,
road_deaths,2007,1497.0,12.0,1497.0,True,,the twelve months come to the printed total,,,
road_deaths,2008,1530.0,12.0,1530.0,True,,the twelve months come to the printed total,,,
road_deaths,2010,1208.0,12.0,1208.0,True,,the twelve months come to the printed total,,,
road_deaths,2011,1485.0,12.0,1485.0,True,,the twelve months come to the printed total,,,
road_deaths,2012,1623.0,12.0,1623.0,True,,the twelve months come to the printed total,,,
road_deaths,2013,1505.0,12.0,1505.0,True,,the twelve months come to the printed total,,,
road_deaths,2014,1565.0,12.0,1565.0,True,,the twelve months come to the printed total,,,
road_deaths,2015,1407.0,12.0,1407.0,True,,the twelve months come to the printed total,,,
road_deaths,2016,1443.0,12.0,1443.0,True,,the twelve months come to the printed total,,,
road_deaths,2017,1369.0,12.0,1369.0,True,,the twelve months come to the printed total,,,
road_deaths,2018,1205.0,12.0,1205.0,True,,the twelve months come to the printed total,,,
road_deaths,2019,1150.0,12.0,1150.0,True,,the twelve months come to the printed total,,,
road_deaths,2020,931.0,12.0,931.0,True,,the twelve months come to the printed total,,,
road_deaths,2021,1014.0,12.0,1014.0,True,,the twelve months come to the printed total,,,
road_deaths,2022,1057.0,12.0,1057.0,True,,the twelve months come to the printed total,,,
road_deaths,2023,1215.0,12.0,1215.0,True,,the twelve months come to the printed total,,,
road_injuries,1995,13089.0,12.0,13089.0,True,,the twelve months come to the printed total,,,
road_injuries,1996,13581.0,12.0,13581.0,True,,the twelve months come to the printed total,,,
road_injuries,1997,14569.0,12.0,14569.0,True,,the twelve months come to the printed total,,,
road_injuries,1998,15450.0,12.0,15450.0,True,,the twelve months come to the printed total,,,
road_injuries,1999,16861.0,12.0,16861.0,True,,the twelve months come to the printed total,,,
road_injuries,2000,17540.0,12.0,17540.0,True,,the twelve months come to the printed total,,,
road_injuries,2001,16335.0,12.0,16335.0,True,,the twelve months come to the printed total,,,
road_injuries,2002,16416.0,12.0,16416.0,True,,the twelve months come to the printed total,,,
road_injuries,2003,15698.0,12.0,15698.0,True,,the twelve months come to the printed total,,,
road_injuries,2004,14854.0,12.0,14854.0,True,,the twelve months come to the printed total,,,
road_injuries,2005,15368.0,12.0,15368.0,True,,the twelve months come to the printed total,,,
road_injuries,2006,15147.0,12.0,15147.0,True,,the twelve months come to the printed total,,,
road_injuries,2007,14559.0,12.0,14559.0,True,,the twelve months come to the printed total,,,
road_injuries,2008,14085.0,12.0,14085.0,True,,the twelve months come to the printed total,,,
road_injuries,2009,13050.0,12.0,13050.0,True,,the twelve months come to the printed total,,,
road_injuries,2010,12495.0,12.0,12495.0,True,,the twelve months come to the printed total,,,
road_injuries,2011,12653.0,12.0,12653.0,True,,the twelve months come to the printed total,,,
road_injuries,2012,14144.0,12.0,14144.0,True,,the twelve months come to the printed total,,,
road_injuries,2013,13539.0,12.0,13539.0,True,,the twelve months come to the printed total,,,
road_injuries,2014,12354.0,12.0,12354.0,True,,the twelve months come to the printed total,,,
road_injuries,2015,10882.0,12.0,10882.0,True,,the twelve months come to the printed total,,,
road_injuries,2016,11035.0,12.0,11035.0,True,,the twelve months come to the printed total,,,
road_injuries,2017,10415.0,12.0,10415.0,True,,the twelve months come to the printed total,,,
road_injuries,2018,8876.0,12.0,8876.0,True,,the twelve months come to the printed total,,,
road_injuries,2019,8574.0,12.0,8574.0,True,,the twelve months come to the printed total,,,
road_injuries,2020,6762.0,12.0,6762.0,True,,the twelve months come to the printed total,,,
road_injuries,2021,6883.0,12.0,6883.0,True,,the twelve months come to the printed total,,,
road_injuries,2022,8184.0,12.0,8184.0,True,,the twelve months come to the printed total,,,
road_injuries,2023,7910.0,12.0,7910.0,True,,the twelve months come to the printed total,,,
tourist_departures,2004,323.2,,323.3,True,1.0,"air, land and sea come to the combined figure",,,
tourist_departures,2004,296.40000000000003,,296.5,True,2.0,"air, land and sea come to the combined figure",,,
tourist_departures,2004,361.5,,361.4,True,3.0,"air, land and sea come to the combined figure",,,
tourist_departures,2004,450.7,,450.7,True,4.0,"air, land and sea come to the combined figure",,,
tourist_departures,2004,455.3,,455.3,True,5.0,"air, land and sea come to the combined figure",,,
tourist_departures,2004,506.7,,506.7,True,6.0,"air, land and sea come to the combined figure",,,
tourist_departures,2004,661.7,,661.7,True,7.0,"air, land and sea come to the combined figure",,,
tourist_departures,2004,939.8,,933.8,False,8.0,"air, land and sea come to the combined figure",,,
tourist_departures,2004,704.3000000000001,,704.3,True,9.0,"air, land and sea come to the combined figure",,,
tourist_departures,2004,610.1,,610.1,True,10.0,"air, land and sea come to the combined figure",,,
tourist_departures,2004,357.0,,357.0,True,11.0,"air, land and sea come to the combined figure",,,
tourist_departures,2004,343.6,,349.5,False,12.0,"air, land and sea come to the combined figure",,,
tourist_departures,2005,330.2,,330.1,True,1.0,"air, land and sea come to the combined figure",,,
tourist_departures,2005,307.09999999999997,,307.0,True,2.0,"air, land and sea come to the combined figure",,,
tourist_departures,2005,392.5,,392.5,True,3.0,"air, land and sea come to the combined figure",,,
tourist_departures,2005,461.1,,461.1,True,4.0,"air, land and sea come to the combined figure",,,
tourist_departures,2005,538.6999999999999,,538.7,True,5.0,"air, land and sea come to the combined figure",,,
tourist_departures,2005,576.4,,576.3,True,6.0,"air, land and sea come to the combined figure",,,
tourist_departures,2005,763.5,,763.5,True,7.0,"air, land and sea come to the combined figure",,,
tourist_departures,2005,977.0,,976.9,True,8.0,"air, land and sea come to the combined figure",,,
tourist_departures,2005,729.6,,729.7,True,9.0,"air, land and sea come to the combined figure",,,
tourist_departures,2005,577.7,,577.8,True,10.0,"air, land and sea come to the combined figure",,,
tourist_departures,2005,368.6,,368.6,True,11.0,"air, land and sea come to the combined figure",,,
tourist_departures,2005,316.70000000000005,,316.7,True,12.0,"air, land and sea come to the combined figure",,,
tourist_departures,2006,319.9,,320.0,True,1.0,"air, land and sea come to the combined figure",,,
tourist_departures,2006,272.9,,273.0,True,2.0,"air, land and sea come to the combined figure",,,
tourist_departures,2006,357.4,,357.4,True,3.0,"air, land and sea come to the combined figure",,,
tourist_departures,2006,520.8000000000001,,520.8,True,4.0,"air, land and sea come to the combined figure",,,
tourist_departures,2006,528.6,,528.5,True,5.0,"air, land and sea come to the combined figure",,,
tourist_departures,2006,580.9,,580.8,True,6.0,"air, land and sea come to the combined figure",,,
tourist_departures,2006,767.9000000000001,,768.0,True,7.0,"air, land and sea come to the combined figure",,,
tourist_departures,2006,1016.2,,1016.1,True,8.0,"air, land and sea come to the combined figure",,,
tourist_departures,2006,769.0,,769.1,True,9.0,"air, land and sea come to the combined figure",,,
tourist_departures,2006,575.9,,575.9,True,10.0,"air, land and sea come to the combined figure",,,
tourist_departures,2006,385.8,,385.8,True,11.0,"air, land and sea come to the combined figure",,,
tourist_departures,2006,274.1,,274.1,True,12.0,"air, land and sea come to the combined figure",,,
tourist_departures,2007,308.6,,308.6,True,1.0,"air, land and sea come to the combined figure",,,
tourist_departures,2007,275.3,,275.4,True,2.0,"air, land and sea come to the combined figure",,,
tourist_departures,2007,380.09999999999997,,380.0,True,3.0,"air, land and sea come to the combined figure",,,
tourist_departures,2007,520.6,,520.5,True,4.0,"air, land and sea come to the combined figure",,,
tourist_departures,2007,506.29999999999995,,506.3,True,5.0,"air, land and sea come to the combined figure",,,
tourist_departures,2007,592.0,,592.0,True,6.0,"air, land and sea come to the combined figure",,,
tourist_departures,2007,791.3,,791.3,True,7.0,"air, land and sea come to the combined figure",,,
tourist_departures,2007,1044.6,,1044.6,True,8.0,"air, land and sea come to the combined figure",,,
tourist_departures,2007,760.8,,760.8,True,9.0,"air, land and sea come to the combined figure",,,
tourist_departures,2007,597.4,,597.4,True,10.0,"air, land and sea come to the combined figure",,,
tourist_departures,2007,406.1,,406.0,True,11.0,"air, land and sea come to the combined figure",,,
tourist_departures,2007,269.7,,269.7,True,12.0,"air, land and sea come to the combined figure",,,
tourist_departures,2008,328.0,,328.0,True,1.0,"air, land and sea come to the combined figure",,,
tourist_departures,2008,301.2,,301.4,True,2.0,"air, land and sea come to the combined figure",,,
tourist_departures,2008,425.3,,425.3,True,3.0,"air, land and sea come to the combined figure",,,
tourist_departures,2008,461.5,,461.5,True,4.0,"air, land and sea come to the combined figure",,,
tourist_departures,2008,583.0,,583.0,True,5.0,"air, land and sea come to the combined figure",,,
tourist_departures,2008,652.6,,652.7,True,6.0,"air, land and sea come to the combined figure",,,
tourist_departures,2008,838.0,,838.0,True,7.0,"air, land and sea come to the combined figure",,,
tourist_departures,2008,1152.7,,1152.5,True,8.0,"air, land and sea come to the combined figure",,,
tourist_departures,2008,668.0999999999999,,668.0,True,9.0,"air, land and sea come to the combined figure",,,
tourist_departures,2008,667.9,,667.8,True,10.0,"air, land and sea come to the combined figure",,,
tourist_departures,2008,439.3,,439.5,True,11.0,"air, land and sea come to the combined figure",,,
tourist_departures,2008,326.5,,326.5,True,12.0,"air, land and sea come to the combined figure",,,
tourist_departures,2009,337.59999999999997,,337.6,True,1.0,"air, land and sea come to the combined figure",,,
tourist_departures,2009,300.6,,300.5,True,2.0,"air, land and sea come to the combined figure",,,
tourist_departures,2009,390.59999999999997,,390.5,True,3.0,"air, land and sea come to the combined figure",,,
tourist_departures,2009,501.8,,501.7,True,4.0,"air, land and sea come to the combined figure",,,
tourist_departures,2009,561.6999999999999,,561.6,True,5.0,"air, land and sea come to the combined figure",,,
tourist_departures,2009,640.9,,640.9,True,6.0,"air, land and sea come to the combined figure",,,
tourist_departures,2009,838.8,,839.7,True,7.0,"air, land and sea come to the combined figure",,,
tourist_departures,2009,1031.6,,1031.4,True,8.0,"air, land and sea come to the combined figure",,,
tourist_departures,2009,625.5,,625.4,True,9.0,"air, land and sea come to the combined figure",,,
tourist_departures,2009,662.1,,662.0,True,10.0,"air, land and sea come to the combined figure",,,
tourist_departures,2009,408.2,,408.1,True,11.0,"air, land and sea come to the combined figure",,,
tourist_departures,2009,345.8,,345.8,True,12.0,"air, land and sea come to the combined figure",,,
tourist_departures,2010,364.20000000000005,,364.1,True,1.0,"air, land and sea come to the combined figure",,,
tourist_departures,2010,297.6,,297.6,True,2.0,"air, land and sea come to the combined figure",,,
tourist_departures,2010,392.9,,392.9,True,3.0,"air, land and sea come to the combined figure",,,
tourist_departures,2010,473.3,,473.3,True,4.0,"air, land and sea come to the combined figure",,,
tourist_departures,2010,560.8,,560.8,True,5.0,"air, land and sea come to the combined figure",,,
tourist_departures,2010,633.1,,633.1,True,6.0,"air, land and sea come to the combined figure",,,
tourist_departures,2010,888.1,,888.0,True,7.0,"air, land and sea come to the combined figure",,,
tourist_departures,2010,900.9,,900.9,True,8.0,"air, land and sea come to the combined figure",,,
tourist_departures,2010,670.5,,670.5,True,9.0,"air, land and sea come to the combined figure",,,
tourist_departures,2010,686.5,,686.4,True,10.0,"air, land and sea come to the combined figure",,,
tourist_departures,2010,380.1,,380.1,True,11.0,"air, land and sea come to the combined figure",,,
tourist_departures,2010,334.1,,334.2,True,12.0,"air, land and sea come to the combined figure",,,
tourist_departures,2011,247.1,,247.0,True,1.0,"air, land and sea come to the combined figure",,,
tourist_departures,2011,115.8,,115.8,True,2.0,"air, land and sea come to the combined figure",,,
tourist_departures,2011,269.2,,269.2,True,3.0,"air, land and sea come to the combined figure",,,
tourist_departures,2011,263.09999999999997,,263.1,True,4.0,"air, land and sea come to the combined figure",,,
tourist_departures,2011,478.1,,478.2,True,10.0,"air, land and sea come to the combined figure",,,
tourist_departures,2011,303.9,,303.9,True,11.0,"air, land and sea come to the combined figure",,,
tourist_departures,2012,254.5,,254.6,True,1.0,"air, land and sea come to the combined figure",,,
tourist_departures,2012,201.8,,201.9,True,2.0,"air, land and sea come to the combined figure",,,
tourist_departures,2012,286.3,,286.3,True,3.0,"air, land and sea come to the combined figure",,,
tourist_departures,2012,370.8,,370.7,True,4.0,"air, land and sea come to the combined figure",,,
tourist_departures,2012,405.3,,405.2,True,5.0,"air, land and sea come to the combined figure",,,
tourist_departures,2012,480.9,,481.0,True,6.0,"air, land and sea come to the combined figure",,,
tourist_departures,2012,629.8000000000001,,630.0,True,7.0,"air, land and sea come to the combined figure",,,
tourist_departures,2012,644.6,,644.8,True,8.0,"air, land and sea come to the combined figure",,,
tourist_departures,2012,655.8,,655.7,True,9.0,"air, land and sea come to the combined figure",,,
tourist_departures,2012,433.2,,433.2,True,10.0,"air, land and sea come to the combined figure",,,
tourist_departures,2012,334.3,,334.2,True,11.0,"air, land and sea come to the combined figure",,,
tourist_departures,2012,279.29999999999995,,279.1,True,12.0,"air, land and sea come to the combined figure",,,
tourist_departures,2013,231.5,,231.5,True,1.0,"air, land and sea come to the combined figure",,,
tourist_departures,2013,189.5,,189.6,True,2.0,"air, land and sea come to the combined figure",,,
tourist_departures,2013,283.5,,283.4,True,3.0,"air, land and sea come to the combined figure",,,
tourist_departures,2013,316.4,,316.2,True,4.0,"air, land and sea come to the combined figure",,,
tourist_departures,2013,434.29999999999995,,434.2,True,5.0,"air, land and sea come to the combined figure",,,
tourist_departures,2013,553.3,,553.2,True,6.0,"air, land and sea come to the combined figure",,,
tourist_departures,2013,566.7,,566.7,True,7.0,"air, land and sea come to the combined figure",,,
tourist_departures,2013,703.0,,703.3,True,8.0,"air, land and sea come to the combined figure",,,
tourist_departures,2013,677.5,,677.5,True,9.0,"air, land and sea come to the combined figure",,,
tourist_departures,2013,525.0,,525.1,True,10.0,"air, land and sea come to the combined figure",,,
tourist_departures,2013,350.8,,350.8,True,11.0,"air, land and sea come to the combined figure",,,
tourist_departures,2013,332.2,,332.3,True,12.0,"air, land and sea come to the combined figure",,,
tourist_departures,2014,296.29999999999995,,296.4,True,1.0,"air, land and sea come to the combined figure",,,
tourist_departures,2014,266.3,,266.3,True,2.0,"air, land and sea come to the combined figure",,,
tourist_departures,2014,309.8,,309.9,True,3.0,"air, land and sea come to the combined figure",,,
tourist_departures,2014,363.0,,363.1,True,4.0,"air, land and sea come to the combined figure",,,
tourist_departures,2014,457.9,,457.9,True,5.0,"air, land and sea come to the combined figure",,,
tourist_departures,2014,584.1999999999999,,584.1,True,6.0,"air, land and sea come to the combined figure",,,
tourist_departures,2014,514.9,,514.8,True,7.0,"air, land and sea come to the combined figure",,,
tourist_departures,2014,854.5,,854.6,True,8.0,"air, land and sea come to the combined figure",,,
tourist_departures,2014,630.3,,630.4,True,9.0,"air, land and sea come to the combined figure",,,
tourist_departures,2014,465.8,,465.4,True,10.0,"air, land and sea come to the combined figure",,,
tourist_departures,2014,297.3,,297.3,True,11.0,"air, land and sea come to the combined figure",,,
tourist_departures,2014,262.90000000000003,,262.9,True,12.0,"air, land and sea come to the combined figure",,,
tourist_departures,2015,241.9,,241.9,True,1.0,"air, land and sea come to the combined figure",,,
tourist_departures,2015,189.7,,189.8,True,2.0,"air, land and sea come to the combined figure",,,
tourist_departures,2015,253.3,,253.4,True,3.0,"air, land and sea come to the combined figure",,,
tourist_departures,2015,283.5,,283.3,True,4.0,"air, land and sea come to the combined figure",,,
tourist_departures,2015,352.4,,352.5,True,5.0,"air, land and sea come to the combined figure",,,
tourist_departures,2015,396.0,,395.8,True,6.0,"air, land and sea come to the combined figure",,,
tourist_departures,2015,248.5,,248.5,True,7.0,"air, land and sea come to the combined figure",,,
tourist_departures,2015,566.0,,565.9,True,8.0,"air, land and sea come to the combined figure",,,
tourist_departures,2015,317.5,,317.5,True,9.0,"air, land and sea come to the combined figure",,,
tourist_departures,2015,292.79999999999995,,292.8,True,10.0,"air, land and sea come to the combined figure",,,
tourist_departures,2015,232.2,,232.2,True,11.0,"air, land and sea come to the combined figure",,,
tourist_departures,2015,253.60000000000002,,253.7,True,12.0,"air, land and sea come to the combined figure",,,
tourist_departures,2016,189.6,,189.6,True,1.0,"air, land and sea come to the combined figure",,,
tourist_departures,2016,176.8,,176.8,True,2.0,"air, land and sea come to the combined figure",,,
tourist_departures,2016,175.0,,174.9,True,3.0,"air, land and sea come to the combined figure",,,
tourist_departures,2016,216.4,,216.5,True,4.0,"air, land and sea come to the combined figure",,,
tourist_departures,2016,281.8,,281.8,True,5.0,"air, land and sea come to the combined figure",,,
tourist_departures,2016,281.7,,281.8,True,6.0,"air, land and sea come to the combined figure",,,
tourist_departures,2016,413.0,,412.9,True,7.0,"air, land and sea come to the combined figure",,,
tourist_departures,2016,805.9,,805.9,True,8.0,"air, land and sea come to the combined figure",,,
tourist_departures,2016,470.3,,470.4,True,9.0,"air, land and sea come to the combined figure",,,
tourist_departures,2016,404.2,,404.1,True,10.0,"air, land and sea come to the combined figure",,,
tourist_departures,2016,297.2,,297.2,True,11.0,"air, land and sea come to the combined figure",,,
tourist_departures,2016,359.4,,359.4,True,12.0,"air, land and sea come to the combined figure",,,
tourist_departures,2017,236.0,,236.0,True,1.0,"air, land and sea come to the combined figure",,,
tourist_departures,2017,230.0,,229.9,True,2.0,"air, land and sea come to the combined figure",,,
tourist_departures,2017,321.8,,321.9,True,3.0,"air, land and sea come to the combined figure",,,
tourist_departures,2017,317.8,,317.7,True,4.0,"air, land and sea come to the combined figure",,,
tourist_departures,2017,379.9,,379.9,True,5.0,"air, land and sea come to the combined figure",,,
tourist_departures,2017,302.6,,302.6,True,6.0,"air, land and sea come to the combined figure",,,
tourist_departures,2017,546.3,,546.2,True,7.0,"air, land and sea come to the combined figure",,,
tourist_departures,2017,895.8,,896.0,True,8.0,"air, land and sea come to the combined figure",,,
tourist_departures,2017,562.7,,562.6,True,9.0,"air, land and sea come to the combined figure",,,
tourist_departures,2017,493.8,,493.7,True,10.0,"air, land and sea come to the combined figure",,,
tourist_departures,2017,361.59999999999997,,361.6,True,11.0,"air, land and sea come to the combined figure",,,
tourist_departures,2017,423.99999999999994,,424.0,True,12.0,"air, land and sea come to the combined figure",,,
tourist_departures,2018,298.9,,298.8,True,1.0,"air, land and sea come to the combined figure",,,
tourist_departures,2018,280.7,,280.7,True,2.0,"air, land and sea come to the combined figure",,,
tourist_departures,2018,405.1,,405.1,True,3.0,"air, land and sea come to the combined figure",,,
tourist_departures,2018,392.29999999999995,,392.4,True,4.0,"air, land and sea come to the combined figure",,,
tourist_departures,2018,471.5,,471.5,True,5.0,"air, land and sea come to the combined figure",,,
tourist_departures,2018,491.59999999999997,,491.6,True,6.0,"air, land and sea come to the combined figure",,,
tourist_departures,2018,684.8,,684.8,True,7.0,"air, land and sea come to the combined figure",,,
tourist_departures,2018,882.7,,882.7,True,8.0,"air, land and sea come to the combined figure",,,
tourist_departures,2018,710.1,,710.0,True,9.0,"air, land and sea come to the combined figure",,,
tourist_departures,2018,573.5,,573.5,True,10.0,"air, land and sea come to the combined figure",,,
tourist_departures,2018,423.29999999999995,,423.3,True,11.0,"air, land and sea come to the combined figure",,,
tourist_departures,2018,509.7,,509.8,True,12.0,"air, land and sea come to the combined figure",,,
tourist_departures,2019,358.70000000000005,,358.7,True,1.0,"air, land and sea come to the combined figure",,,
tourist_departures,2019,324.3,,324.3,True,2.0,"air, land and sea come to the combined figure",,,
tourist_departures,2019,397.4,,397.3,True,3.0,"air, land and sea come to the combined figure",,,
tourist_departures,2019,474.8,,474.9,True,4.0,"air, land and sea come to the combined figure",,,
tourist_departures,2019,444.29999999999995,,444.3,True,5.0,"air, land and sea come to the combined figure",,,
tourist_departures,2019,622.2,,622.2,True,6.0,"air, land and sea come to the combined figure",,,
tourist_departures,2019,771.8,,771.8,True,7.0,"air, land and sea come to the combined figure",,,
tourist_departures,2019,955.0,,954.9,True,8.0,"air, land and sea come to the combined figure",,,
tourist_departures,2019,772.4,,772.4,True,9.0,"air, land and sea come to the combined figure",,,
tourist_departures,2019,599.4,,599.4,True,10.0,"air, land and sea come to the combined figure",,,
tourist_departures,2019,417.5,,417.5,True,11.0,"air, land and sea come to the combined figure",,,
tourist_departures,2019,501.59999999999997,,501.6,True,12.0,"air, land and sea come to the combined figure",,,
tourist_departures,2020,348.9,,348.9,True,1.0,"air, land and sea come to the combined figure",,,
tourist_departures,2020,323.5,,323.6,True,2.0,"air, land and sea come to the combined figure",,,
tourist_departures,2020,179.0,,178.9,True,3.0,"air, land and sea come to the combined figure",,,
tourist_departures,2020,2.6999999999999997,,2.7,True,4.0,"air, land and sea come to the combined figure",,,
tourist_departures,2020,5.8,,5.9,False,5.0,"air, land and sea come to the combined figure",,,
tourist_departures,2020,4.0,,4.0,True,6.0,"air, land and sea come to the combined figure",,,
tourist_departures,2020,23.5,,23.5,True,7.0,"air, land and sea come to the combined figure",,,
tourist_departures,2020,89.69999999999999,,89.6,True,8.0,"air, land and sea come to the combined figure",,,
tourist_departures,2020,54.8,,54.8,True,9.0,"air, land and sea come to the combined figure",,,
tourist_departures,2020,51.4,,51.4,True,10.0,"air, land and sea come to the combined figure",,,
tourist_departures,2020,25.3,,25.3,True,11.0,"air, land and sea come to the combined figure",,,
tourist_departures,2020,65.5,,65.4,True,12.0,"air, land and sea come to the combined figure",,,
tourist_departures,2021,70.5,,70.5,True,1.0,"air, land and sea come to the combined figure",,,
tourist_departures,2021,55.9,,56.0,True,2.0,"air, land and sea come to the combined figure",,,
tourist_departures,2021,61.6,,61.6,True,3.0,"air, land and sea come to the combined figure",,,
tourist_departures,2021,66.3,,66.3,True,4.0,"air, land and sea come to the combined figure",,,
tourist_departures,2021,63.599999999999994,,63.5,True,5.0,"air, land and sea come to the combined figure",,,
tourist_departures,2021,126.2,,126.2,True,6.0,"air, land and sea come to the combined figure",,,
tourist_departures,2021,118.10000000000001,,118.0,True,7.0,"air, land and sea come to the combined figure",,,
tourist_departures,2021,144.10000000000002,,144.3,True,8.0,"air, land and sea come to the combined figure",,,
tourist_departures,2021,98.9,,98.9,True,9.0,"air, land and sea come to the combined figure",,,
tourist_departures,2021,132.0,,131.9,True,10.0,"air, land and sea come to the combined figure",,,
tourist_departures,2021,170.4,,170.3,True,11.0,"air, land and sea come to the combined figure",,,
tourist_departures,2021,152.1,,152.0,True,12.0,"air, land and sea come to the combined figure",,,
tourist_departures,2022,140.20000000000002,,140.2,True,1.0,"air, land and sea come to the combined figure",,,
tourist_departures,2022,137.2,,137.2,True,2.0,"air, land and sea come to the combined figure",,,
tourist_departures,2022,175.0,,175.0,True,3.0,"air, land and sea come to the combined figure",,,
tourist_departures,2022,151.5,,151.5,True,4.0,"air, land and sea come to the combined figure",,,
tourist_departures,2022,248.60000000000002,,248.5,True,5.0,"air, land and sea come to the combined figure",,,
tourist_departures,2022,283.6,,283.5,True,6.0,"air, land and sea come to the combined figure",,,
tourist_departures,2022,373.40000000000003,,373.4,True,7.0,"air, land and sea come to the combined figure",,,
tourist_departures,2022,682.9,,652.9,False,8.0,"air, land and sea come to the combined figure",,,
tourist_departures,2022,558.9,,559.0,True,9.0,"air, land and sea come to the combined figure",,,
tourist_departures,2022,449.0,,479.0,False,10.0,"air, land and sea come to the combined figure",,,
tourist_departures,2022,394.20000000000005,,394.2,True,11.0,"air, land and sea come to the combined figure",,,
tourist_departures,2022,418.09999999999997,,418.1,True,12.0,"air, land and sea come to the combined figure",,,
tourist_departures,2023,371.5,,371.4,True,1.0,"air, land and sea come to the combined figure",,,
tourist_departures,2023,341.4,,341.4,True,2.0,"air, land and sea come to the combined figure",,,
tourist_departures,2023,388.3,,388.2,True,3.0,"air, land and sea come to the combined figure",,,
tourist_departures,2023,338.6,,338.7,True,4.0,"air, land and sea come to the combined figure",,,
tourist_departures,2023,559.2,,559.1,True,5.0,"air, land and sea come to the combined figure",,,
tourist_departures,2023,589.9,,589.9,True,6.0,"air, land and sea come to the combined figure",,,
tourist_departures,2023,733.0,,732.9,True,7.0,"air, land and sea come to the combined figure",,,
tourist_departures,2023,988.2,,988.3,True,8.0,"air, land and sea come to the combined figure",,,
tourist_departures,2023,805.1,,805.2,True,9.0,"air, land and sea come to the combined figure",,,
tourist_departures,2023,657.1,,657.1,True,10.0,"air, land and sea come to the combined figure",,,
tourist_departures,2023,501.3,,501.4,True,11.0,"air, land and sea come to the combined figure",,,
tourist_departures,2023,508.59999999999997,,508.7,True,12.0,"air, land and sea come to the combined figure",,,
tourist_entries,2004,5998.1,12.0,5998.1,True,,the twelve months come to the printed total,,,
tourist_entries,2004,271.79999999999995,,271.8,True,1.0,"air, land and sea come to the combined figure",,,
tourist_entries,2004,313.1,,313.1,True,2.0,"air, land and sea come to the combined figure",,,
tourist_entries,2004,370.9,,370.9,True,3.0,"air, land and sea come to the combined figure",,,
tourist_entries,2004,456.09999999999997,,456.1,True,4.0,"air, land and sea come to the combined figure",,,
tourist_entries,2004,478.7,,478.7,True,5.0,"air, land and sea come to the combined figure",,,
tourist_entries,2004,552.2,,552.2,True,6.0,"air, land and sea come to the combined figure",,,
tourist_entries,2004,736.6,,736.6,True,7.0,"air, land and sea come to the combined figure",,,
tourist_entries,2004,906.3,,906.3,True,8.0,"air, land and sea come to the combined figure",,,
tourist_entries,2004,641.9,,641.9,True,9.0,"air, land and sea come to the combined figure",,,
tourist_entries,2004,550.5,,550.5,True,10.0,"air, land and sea come to the combined figure",,,
tourist_entries,2004,324.6,,324.6,True,11.0,"air, land and sea come to the combined figure",,,
tourist_entries,2004,395.4,,395.4,True,12.0,"air, land and sea come to the combined figure",,,
tourist_entries,2005,6378.5,12.0,6378.4,True,,the twelve months come to the printed total,,,
tourist_entries,2005,299.0,,299.0,True,1.0,"air, land and sea come to the combined figure",,,
tourist_entries,2005,312.8,,312.9,True,2.0,"air, land and sea come to the combined figure",,,
tourist_entries,2005,416.0,,416.1,True,3.0,"air, land and sea come to the combined figure",,,
tourist_entries,2005,476.9,,476.9,True,4.0,"air, land and sea come to the combined figure",,,
tourist_entries,2005,554.8,,554.8,True,5.0,"air, land and sea come to the combined figure",,,
tourist_entries,2005,641.9,,641.8,True,6.0,"air, land and sea come to the combined figure",,,
tourist_entries,2005,841.8000000000001,,841.8,True,7.0,"air, land and sea come to the combined figure",,,
tourist_entries,2005,948.8,,948.8,True,8.0,"air, land and sea come to the combined figure",,,
tourist_entries,2005,676.4000000000001,,676.4,True,9.0,"air, land and sea come to the combined figure",,,
tourist_entries,2005,520.8,,520.8,True,10.0,"air, land and sea come to the combined figure",,,
tourist_entries,2005,333.6,,333.7,True,11.0,"air, land and sea come to the combined figure",,,
tourist_entries,2005,355.5,,355.5,True,12.0,"air, land and sea come to the combined figure",,,
tourist_entries,2006,6549.4,12.0,6549.5,True,,the twelve months come to the printed total,,,
tourist_entries,2006,288.0,,287.9,True,1.0,"air, land and sea come to the combined figure",,,
tourist_entries,2006,300.9,,301.0,True,2.0,"air, land and sea come to the combined figure",,,
tourist_entries,2006,387.1,,387.1,True,3.0,"air, land and sea come to the combined figure",,,
tourist_entries,2006,565.9,,565.8,True,4.0,"air, land and sea come to the combined figure",,,
tourist_entries,2006,540.4,,540.3,True,5.0,"air, land and sea come to the combined figure",,,
tourist_entries,2006,636.4,,636.5,True,6.0,"air, land and sea come to the combined figure",,,
tourist_entries,2006,866.1,,866.2,True,7.0,"air, land and sea come to the combined figure",,,
tourist_entries,2006,1025.1000000000001,,1025.1,True,8.0,"air, land and sea come to the combined figure",,,
tourist_entries,2006,714.5,,714.5,True,9.0,"air, land and sea come to the combined figure",,,
tourist_entries,2006,578.0,,578.0,True,10.0,"air, land and sea come to the combined figure",,,
tourist_entries,2006,332.9,,333.0,True,11.0,"air, land and sea come to the combined figure",,,
tourist_entries,2006,314.1,,314.0,True,12.0,"air, land and sea come to the combined figure",,,
tourist_entries,2007,6761.7,12.0,6761.7,True,,the twelve months come to the printed total,,,
tourist_entries,2007,307.5,,307.5,True,1.0,"air, land and sea come to the combined figure",,,
tourist_entries,2007,314.6,,314.4,True,2.0,"air, land and sea come to the combined figure",,,
tourist_entries,2007,414.7,,414.7,True,3.0,"air, land and sea come to the combined figure",,,
tourist_entries,2007,552.3,,552.4,True,4.0,"air, land and sea come to the combined figure",,,
tourist_entries,2007,542.2,,542.2,True,5.0,"air, land and sea come to the combined figure",,,
tourist_entries,2007,670.1,,670.2,True,6.0,"air, land and sea come to the combined figure",,,
tourist_entries,2007,910.1,,910.3,True,7.0,"air, land and sea come to the combined figure",,,
tourist_entries,2007,1056.3,,1056.3,True,8.0,"air, land and sea come to the combined figure",,,
tourist_entries,2007,706.0999999999999,,706.2,True,9.0,"air, land and sea come to the combined figure",,,
tourist_entries,2007,605.5,,605.5,True,10.0,"air, land and sea come to the combined figure",,,
tourist_entries,2007,348.7,,348.6,True,11.0,"air, land and sea come to the combined figure",,,
tourist_entries,2007,333.5,,333.4,True,12.0,"air, land and sea come to the combined figure",,,
tourist_entries,2008,7049.8,12.0,7050.3,True,,the twelve months come to the printed total,,,
tourist_entries,2008,308.7,,308.6,True,1.0,"air, land and sea come to the combined figure",,,
tourist_entries,2008,337.0,,336.9,True,2.0,"air, land and sea come to the combined figure",,,
tourist_entries,2008,455.59999999999997,,455.7,True,3.0,"air, land and sea come to the combined figure",,,
tourist_entries,2008,516.7,,516.7,True,4.0,"air, land and sea come to the combined figure",,,
tourist_entries,2008,601.6,,601.6,True,5.0,"air, land and sea come to the combined figure",,,
tourist_entries,2008,733.0,,732.9,True,6.0,"air, land and sea come to the combined figure",,,
tourist_entries,2008,958.3,,958.3,True,7.0,"air, land and sea come to the combined figure",,,
tourist_entries,2008,1094.5,,1094.4,True,8.0,"air, land and sea come to the combined figure",,,
tourist_entries,2008,634.8,,634.7,True,9.0,"air, land and sea come to the combined figure",,,
tourist_entries,2008,649.5,,649.5,True,10.0,"air, land and sea come to the combined figure",,,
tourist_entries,2008,376.59999999999997,,376.6,True,11.0,"air, land and sea come to the combined figure",,,
tourist_entries,2008,383.9,,383.9,True,12.0,"air, land and sea come to the combined figure",,,
tourist_entries,2009,314.5,,314.5,True,1.0,"air, land and sea come to the combined figure",,,
tourist_entries,2009,344.20000000000005,,344.1,True,2.0,"air, land and sea come to the combined figure",,,
tourist_entries,2009,433.0,,432.9,True,3.0,"air, land and sea come to the combined figure",,,
tourist_entries,2009,562.4,,562.3,True,4.0,"air, land and sea come to the combined figure",,,
tourist_entries,2009,594.3000000000001,,594.2,True,5.0,"air, land and sea come to the combined figure",,,
tourist_entries,2009,718.5999999999999,,718.5,True,6.0,"air, land and sea come to the combined figure",,,
tourist_entries,2009,985.4,,986.4,True,7.0,"air, land and sea come to the combined figure",,,
tourist_entries,2009,938.3,,938.2,True,8.0,"air, land and sea come to the combined figure",,,
tourist_entries,2009,631.9,,631.8,True,9.0,"air, land and sea come to the combined figure",,,
tourist_entries,2009,612.5,,612.5,True,10.0,"air, land and sea come to the combined figure",,,
tourist_entries,2009,360.6,,360.4,True,11.0,"air, land and sea come to the combined figure",,,
tourist_entries,2009,406.6,,406.5,True,12.0,"air, land and sea come to the combined figure",,,
tourist_entries,2010,333.2,,333.1,True,1.0,"air, land and sea come to the combined figure",,,
tourist_entries,2010,324.6,,324.6,True,2.0,"air, land and sea come to the combined figure",,,
tourist_entries,2010,440.9,,441.0,True,3.0,"air, land and sea come to the combined figure",,,
tourist_entries,2010,494.9,,495.0,True,4.0,"air, land and sea come to the combined figure",,,
tourist_entries,2010,612.1,,612.1,True,5.0,"air, land and sea come to the combined figure",,,
tourist_entries,2010,702.8,,702.8,True,6.0,"air, land and sea come to the combined figure",,,
tourist_entries,2010,1064.2,,1064.2,True,7.0,"air, land and sea come to the combined figure",,,
tourist_entries,2010,810.2,,810.1,True,8.0,"air, land and sea come to the combined figure",,,
tourist_entries,2010,690.3,,690.3,True,9.0,"air, land and sea come to the combined figure",,,
tourist_entries,2010,646.2,,646.2,True,10.0,"air, land and sea come to the combined figure",,,
tourist_entries,2010,368.4,,368.4,True,11.0,"air, land and sea come to the combined figure",,,
tourist_entries,2010,415.59999999999997,,415.6,True,12.0,"air, land and sea come to the combined figure",,,
tourist_entries,2011,177.7,,177.7,True,1.0,"air, land and sea come to the combined figure",,,
tourist_entries,2011,184.1,,184.1,True,2.0,"air, land and sea come to the combined figure",,,
tourist_entries,2011,252.3,,252.3,True,3.0,"air, land and sea come to the combined figure",,,
tourist_entries,2011,313.9,,313.9,True,4.0,"air, land and sea come to the combined figure",,,
tourist_entries,2011,494.3,,494.2,True,10.0,"air, land and sea come to the combined figure",,,
tourist_entries,2012,310.5,,310.3,True,1.0,"air, land and sea come to the combined figure",,,
tourist_entries,2012,326.3,,255.8,False,2.0,"air, land and sea come to the combined figure",,,
tourist_entries,2012,300.8,,371.8,False,3.0,"air, land and sea come to the combined figure",,,
tourist_entries,2012,469.09999999999997,,468.9,True,4.0,"air, land and sea come to the combined figure",,,
tourist_entries,2012,499.7,,499.4,True,5.0,"air, land and sea come to the combined figure",,,
tourist_entries,2012,596.0,,596.1,True,6.0,"air, land and sea come to the combined figure",,,
tourist_entries,2012,780.2,,742.5,False,7.0,"air, land and sea come to the combined figure",,,
tourist_entries,2012,744.4000000000001,,739.7,False,8.0,"air, land and sea come to the combined figure",,,
tourist_entries,2012,646.8000000000001,,689.3,False,9.0,"air, land and sea come to the combined figure",,,
tourist_entries,2012,494.9,,495.0,True,10.0,"air, land and sea come to the combined figure",,,
tourist_entries,2012,385.7,,385.5,True,11.0,"air, land and sea come to the combined figure",,,
tourist_entries,2012,396.09999999999997,,396.1,True,12.0,"air, land and sea come to the combined figure",,,
tourist_entries,2013,279.1,,279.1,True,1.0,"air, land and sea come to the combined figure",,,
tourist_entries,2013,248.4,,248.4,True,2.0,"air, land and sea come to the combined figure",,,
tourist_entries,2013,395.79999999999995,,395.9,True,3.0,"air, land and sea come to the combined figure",,,
tourist_entries,2013,441.29999999999995,,441.3,True,4.0,"air, land and sea come to the combined figure",,,
tourist_entries,2013,551.4,,551.3,True,5.0,"air, land and sea come to the combined figure",,,
tourist_entries,2013,706.5,,706.5,True,6.0,"air, land and sea come to the combined figure",,,
tourist_entries,2013,666.7,,666.7,True,7.0,"air, land and sea come to the combined figure",,,
tourist_entries,2013,888.6,,888.6,True,8.0,"air, land and sea come to the combined figure",,,
tourist_entries,2013,727.3,,727.3,True,9.0,"air, land and sea come to the combined figure",,,
tourist_entries,2013,560.4,,560.5,True,10.0,"air, land and sea come to the combined figure",,,
tourist_entries,2013,371.4,,371.4,True,11.0,"air, land and sea come to the combined figure",,,
tourist_entries,2013,431.79999999999995,,431.7,True,12.0,"air, land and sea come to the combined figure",,,
tourist_entries,2014,340.4,,340.4,True,1.0,"air, land and sea come to the combined figure",,,
tourist_entries,2014,306.5,,306.4,True,2.0,"air, land and sea come to the combined figure",,,
tourist_entries,2014,342.0,,342.0,True,3.0,"air, land and sea come to the combined figure",,,
tourist_entries,2014,448.59999999999997,,448.5,True,4.0,"air, land and sea come to the combined figure",,,
tourist_entries,2014,535.2,,535.2,True,5.0,"air, land and sea come to the combined figure",,,
tourist_entries,2014,683.5,,683.5,True,6.0,"air, land and sea come to the combined figure",,,
tourist_entries,2014,654.4,,654.3,True,7.0,"air, land and sea come to the combined figure",,,
tourist_entries,2014,958.7,,958.7,True,8.0,"air, land and sea come to the combined figure",,,
tourist_entries,2014,646.1,,646.0,True,9.0,"air, land and sea come to the combined figure",,,
tourist_entries,2014,488.8,,488.8,True,10.0,"air, land and sea come to the combined figure",,,
tourist_entries,2014,315.40000000000003,,315.4,True,11.0,"air, land and sea come to the combined figure",,,
tourist_entries,2014,350.6,,350.6,True,12.0,"air, land and sea come to the combined figure",,,
tourist_entries,2015,269.0,,269.1,True,1.0,"air, land and sea come to the combined figure",,,
tourist_entries,2015,218.1,,218.1,True,2.0,"air, land and sea come to the combined figure",,,
tourist_entries,2015,316.0,,315.9,True,3.0,"air, land and sea come to the combined figure",,,
tourist_entries,2015,333.0,,333.1,True,4.0,"air, land and sea come to the combined figure",,,
tourist_entries,2015,434.2,,434.2,True,5.0,"air, land and sea come to the combined figure",,,
tourist_entries,2015,432.8,,433.0,True,6.0,"air, land and sea come to the combined figure",,,
tourist_entries,2015,365.2,,365.1,True,7.0,"air, land and sea come to the combined figure",,,
tourist_entries,2015,637.3,,637.3,True,8.0,"air, land and sea come to the combined figure",,,
tourist_entries,2015,322.1,,321.9,True,9.0,"air, land and sea come to the combined figure",,,
tourist_entries,2015,323.1,,323.1,True,10.0,"air, land and sea come to the combined figure",,,
tourist_entries,2015,242.7,,242.6,True,11.0,"air, land and sea come to the combined figure",,,
tourist_entries,2015,308.6,,308.4,True,12.0,"air, land and sea come to the combined figure",,,
tourist_entries,2016,209.5,,209.4,True,1.0,"air, land and sea come to the combined figure",,,
tourist_entries,2016,199.4,,199.5,True,2.0,"air, land and sea come to the combined figure",,,
tourist_entries,2016,201.4,,201.5,True,3.0,"air, land and sea come to the combined figure",,,
tourist_entries,2016,237.4,,237.4,True,4.0,"air, land and sea come to the combined figure",,,
tourist_entries,2016,342.5,,342.5,True,5.0,"air, land and sea come to the combined figure",,,
tourist_entries,2016,311.4,,311.4,True,6.0,"air, land and sea come to the combined figure",,,
tourist_entries,2016,581.6,,581.6,True,7.0,"air, land and sea come to the combined figure",,,
tourist_entries,2016,832.0,,832.0,True,8.0,"air, land and sea come to the combined figure",,,
tourist_entries,2016,460.4,,460.3,True,9.0,"air, land and sea come to the combined figure",,,
tourist_entries,2016,406.5,,406.4,True,10.0,"air, land and sea come to the combined figure",,,
tourist_entries,2016,315.5,,315.5,True,11.0,"air, land and sea come to the combined figure",,,
tourist_entries,2016,428.19999999999993,,428.2,True,12.0,"air, land and sea come to the combined figure",,,
tourist_entries,2017,231.39999999999998,,231.3,True,1.0,"air, land and sea come to the combined figure",,,
tourist_entries,2017,273.9,,274.0,True,2.0,"air, land and sea come to the combined figure",,,
tourist_entries,2017,374.7,,374.7,True,3.0,"air, land and sea come to the combined figure",,,
tourist_entries,2017,361.4,,361.4,True,4.0,"air, land and sea come to the combined figure",,,
tourist_entries,2017,424.0,,424.0,True,5.0,"air, land and sea come to the combined figure",,,
tourist_entries,2017,379.0,,379.0,True,6.0,"air, land and sea come to the combined figure",,,
tourist_entries,2017,741.0,,740.9,True,7.0,"air, land and sea come to the combined figure",,,
tourist_entries,2017,937.1999999999999,,937.2,True,8.0,"air, land and sea come to the combined figure",,,
tourist_entries,2017,609.6,,609.5,True,9.0,"air, land and sea come to the combined figure",,,
tourist_entries,2017,500.80000000000007,,500.7,True,10.0,"air, land and sea come to the combined figure",,,
tourist_entries,2017,380.6,,380.7,True,11.0,"air, land and sea come to the combined figure",,,
tourist_entries,2017,529.3,,529.3,True,12.0,"air, land and sea come to the combined figure",,,
tourist_entries,2018,295.9,,296.0,True,1.0,"air, land and sea come to the combined figure",,,
tourist_entries,2018,313.2,,313.4,True,2.0,"air, land and sea come to the combined figure",,,
tourist_entries,2018,451.2,,451.2,True,3.0,"air, land and sea come to the combined figure",,,
tourist_entries,2018,470.0,,470.1,True,4.0,"air, land and sea come to the combined figure",,,
tourist_entries,2018,528.3,,528.3,True,5.0,"air, land and sea come to the combined figure",,,
tourist_entries,2018,591.0,,590.9,True,6.0,"air, land and sea come to the combined figure",,,
tourist_entries,2018,869.3,,869.4,True,7.0,"air, land and sea come to the combined figure",,,
tourist_entries,2018,931.4,,931.3,True,8.0,"air, land and sea come to the combined figure",,,
tourist_entries,2018,718.3000000000001,,718.4,True,9.0,"air, land and sea come to the combined figure",,,
tourist_entries,2018,610.5999999999999,,610.5,True,10.0,"air, land and sea come to the combined figure",,,
tourist_entries,2018,464.2,,464.1,True,11.0,"air, land and sea come to the combined figure",,,
tourist_entries,2018,677.6999999999999,,677.6,True,12.0,"air, land and sea come to the combined figure",,,
tourist_entries,2019,387.7,,387.7,True,1.0,"air, land and sea come to the combined figure",,,
tourist_entries,2019,403.5,,403.5,True,2.0,"air, land and sea come to the combined figure",,,
tourist_entries,2019,489.80000000000007,,489.8,True,3.0,"air, land and sea come to the combined figure",,,
tourist_entries,2019,578.0,,577.9,True,4.0,"air, land and sea come to the combined figure",,,
tourist_entries,2019,522.1,,522.0,True,5.0,"air, land and sea come to the combined figure",,,
tourist_entries,2019,783.1,,783.1,True,6.0,"air, land and sea come to the combined figure",,,
tourist_entries,2019,1000.6999999999999,,1000.5,True,7.0,"air, land and sea come to the combined figure",,,
tourist_entries,2019,1068.4,,1068.3,True,8.0,"air, land and sea come to the combined figure",,,
tourist_entries,2019,833.3,,833.2,True,9.0,"air, land and sea come to the combined figure",,,
tourist_entries,2019,684.5,,684.5,True,10.0,"air, land and sea come to the combined figure",,,
tourist_entries,2019,496.59999999999997,,496.5,True,11.0,"air, land and sea come to the combined figure",,,
tourist_entries,2019,737.4,,737.4,True,12.0,"air, land and sea come to the combined figure",,,
tourist_entries,2020,428.8,,428.7,True,1.0,"air, land and sea come to the combined figure",,,
tourist_entries,2020,442.3,,442.4,True,2.0,"air, land and sea come to the combined figure",,,
tourist_entries,2020,197.7,,197.7,True,3.0,"air, land and sea come to the combined figure",,,
tourist_entries,2020,0.1,,0.1,True,4.0,"air, land and sea come to the combined figure",,,
tourist_entries,2020,69.9,,69.9,True,7.0,"air, land and sea come to the combined figure",,,
tourist_entries,2020,71.80000000000001,,71.7,True,8.0,"air, land and sea come to the combined figure",,,
tourist_entries,2020,49.8,,49.8,True,9.0,"air, land and sea come to the combined figure",,,
tourist_entries,2020,48.1,,48.1,True,10.0,"air, land and sea come to the combined figure",,,
tourist_entries,2020,30.7,,30.7,True,11.0,"air, land and sea come to the combined figure",,,
tourist_entries,2020,90.5,,90.5,True,12.0,"air, land and sea come to the combined figure",,,
tourist_entries,2022,150.79999999999998,,150.7,True,1.0,"air, land and sea come to the combined figure",,,
tourist_entries,2022,191.8,,191.8,True,2.0,"air, land and sea come to the combined figure",,,
tourist_entries,2022,244.2,,244.1,True,3.0,"air, land and sea come to the combined figure",,,
tourist_entries,2022,212.4,,212.3,True,4.0,"air, land and sea come to the combined figure",,,
tourist_entries,2022,351.5,,351.5,True,5.0,"air, land and sea come to the combined figure",,,
tourist_entries,2022,414.0,,413.9,True,6.0,"air, land and sea come to the combined figure",,,
tourist_entries,2022,603.6,,603.5,True,7.0,"air, land and sea come to the combined figure",,,
tourist_entries,2022,751.5,,751.4,True,8.0,"air, land and sea come to the combined figure",,,
tourist_entries,2022,646.6,,646.6,True,9.0,"air, land and sea come to the combined figure",,,
tourist_entries,2022,588.8,,589.2,True,10.0,"air, land and sea come to the combined figure",,,
tourist_entries,2022,436.9,,436.9,True,11.0,"air, land and sea come to the combined figure",,,
tourist_entries,2022,577.7,,577.7,True,12.0,"air, land and sea come to the combined figure",,,
tourist_entries,2023,457.3,,457.3,True,1.0,"air, land and sea come to the combined figure",,,
tourist_entries,2023,440.7,,440.8,True,2.0,"air, land and sea come to the combined figure",,,
tourist_entries,2023,472.8,,472.8,True,3.0,"air, land and sea come to the combined figure",,,
tourist_entries,2023,482.49999999999994,,482.5,True,4.0,"air, land and sea come to the combined figure",,,
tourist_entries,2023,688.3,,688.3,True,5.0,"air, land and sea come to the combined figure",,,
tourist_entries,2023,722.5,,722.5,True,6.0,"air, land and sea come to the combined figure",,,
tourist_entries,2023,953.6999999999999,,953.6,True,7.0,"air, land and sea come to the combined figure",,,
tourist_entries,2023,1092.6,,1092.5,True,8.0,"air, land and sea come to the combined figure",,,
tourist_entries,2023,891.8000000000001,,891.8,True,9.0,"air, land and sea come to the combined figure",,,
tourist_entries,2023,748.6,,748.6,True,10.0,"air, land and sea come to the combined figure",,,
tourist_entries,2023,538.5,,538.4,True,11.0,"air, land and sea come to the combined figure",,,
tourist_entries,2023,645.1,,645.2,True,12.0,"air, land and sea come to the combined figure",,,
,2004,,12.0,111.5,True,,the twelve months average to the printed annual index,2000.0,111.50833333333333,0.008333333333325754
,2005,,12.0,113.8,True,,the twelve months average to the printed annual index,2000.0,113.75833333333333,0.041666666666671404
,2006,,12.0,118.5,True,,the twelve months average to the printed annual index,2000.0,118.86666666666667,0.36666666666667425
,2007,,12.0,122.6,True,,the twelve months average to the printed annual index,2000.0,122.66666666666667,0.06666666666667709
,2008,,12.0,128.6,True,,the twelve months average to the printed annual index,2000.0,128.80833333333334,0.2083333333333428
,2009,,12.0,117.0,True,,the twelve months average to the printed annual index,2005.0,116.99166666666667,0.008333333333325754
,2010,,12.0,122.2,True,,the twelve months average to the printed annual index,2005.0,122.15833333333335,0.04166666666665719
,2011,,12.0,126.5,True,,the twelve months average to the printed annual index,2005.0,126.49166666666667,0.008333333333325754
,2012,,12.0,133.5,True,,the twelve months average to the printed annual index,2005.0,133.53333333333333,0.03333333333333144
