outcome,frequency,scale,method,bandwidth,donut,n_left,n_right,tau,se,honest_lo,honest_hi,worst_case_bias,honest_excludes_zero,bias_exceeds_estimate,randomisation_p,randomisation_floor,smoothness,refused
bank_branches,annual,gini,continuity,5,0,0,0,,,,,,False,False,,,0.00473,"bandwidth 5 leaves 4 residual degrees of freedom (8 observations, 4 parameters); too few to fit"
bank_branches,annual,gini,continuity,8,0,7,8,-0.011099,0.004852,-0.079086,0.056888,0.060006,False,True,,,0.00473,
bank_branches,annual,gini,continuity,12,0,11,8,-0.015192,0.00383,-0.143567,0.113183,0.122076,False,True,,,0.00473,
bank_branches,annual,gini,randomisation,4,0,3,5,,,,,,False,False,0.232143,0.017857142857142856,0.00473,
bank_branches,annual,gini,randomisation,6,0,5,7,,,,,,False,False,0.016414,0.0012626262626262627,0.00473,
cinema_screens,annual,gini,continuity,5,0,5,6,-0.067085,0.02891,-0.169342,0.035172,0.054705,False,False,,,0.009455,
cinema_screens,annual,gini,continuity,8,0,8,9,-0.062259,0.014516,-0.205002,0.080484,0.118865,False,True,,,0.009455,
cinema_screens,annual,gini,continuity,12,0,9,11,-0.056719,0.01411,-0.311243,0.197805,0.231316,False,True,,,0.009455,
cinema_screens,annual,gini,randomisation,4,0,4,5,,,,,,False,False,0.484127,0.007936507936507936,0.009455,
cinema_screens,annual,gini,randomisation,6,0,6,7,,,,,,False,False,0.066434,0.0005827505827505828,0.009455,
fixed_line_subscribers,annual,gini,continuity,5,0,5,6,-0.010861,0.001006,-0.061177,0.039455,0.064605,False,True,,,0.011166,
fixed_line_subscribers,annual,gini,continuity,8,0,8,9,-0.00157,0.004968,-0.150118,0.146978,0.140376,False,True,,,0.011166,
fixed_line_subscribers,annual,gini,continuity,12,0,8,13,0.016906,0.012029,-0.260958,0.294771,0.258078,False,True,,,0.011166,
fixed_line_subscribers,annual,gini,randomisation,4,0,4,5,,,,,,False,False,0.02381,0.007936507936507936,0.011166,
fixed_line_subscribers,annual,gini,randomisation,6,0,6,7,,,,,,False,False,0.001166,0.0005827505827505828,0.011166,
job_offers,annual,gini,continuity,5,0,5,6,0.061438,0.007126,0.028414,0.094462,0.021303,True,False,,,0.003682,
job_offers,annual,gini,continuity,8,0,8,9,0.029567,0.015047,-0.041472,0.100607,0.046289,False,True,,,0.003682,
job_offers,annual,gini,continuity,12,0,12,13,-0.008585,0.022509,-0.14711,0.12994,0.101501,False,True,,,0.003682,
job_offers,annual,gini,randomisation,4,0,4,5,,,,,,False,False,0.873016,0.007936507936507936,0.003682,
job_offers,annual,gini,randomisation,6,0,6,7,,,,,,False,False,0.837413,0.0005827505827505828,0.003682,
job_placements,annual,gini,continuity,5,0,5,6,0.056824,0.003584,0.023272,0.090377,0.027657,True,False,,,0.00478,
job_placements,annual,gini,continuity,8,0,8,9,0.038451,0.008878,-0.036247,0.113149,0.060095,False,True,,,0.00478,
job_placements,annual,gini,continuity,12,0,12,13,0.026693,0.007819,-0.117943,0.171329,0.131774,False,True,,,0.00478,
job_placements,annual,gini,randomisation,4,0,4,5,,,,,,False,False,0.039683,0.007936507936507936,0.00478,
job_placements,annual,gini,randomisation,6,0,6,7,,,,,,False,False,0.01049,0.0005827505827505828,0.00478,
library_book_stock,annual,gini,continuity,5,0,5,6,0.003668,0.001845,-0.002895,0.01023,0.003527,False,False,,,0.00061,
library_book_stock,annual,gini,continuity,8,0,8,9,0.00181,0.001664,-0.00859,0.012211,0.007663,False,True,,,0.00061,
library_book_stock,annual,gini,continuity,12,0,12,13,-0.001953,0.002491,-0.022854,0.018948,0.016804,False,True,,,0.00061,
library_book_stock,annual,gini,randomisation,4,0,4,5,,,,,,False,False,0.007937,0.007936507936507936,0.00061,
library_book_stock,annual,gini,randomisation,6,0,6,7,,,,,,False,False,0.000583,0.0005827505827505828,0.00061,
library_books_lent,annual,gini,continuity,5,0,5,6,0.041308,0.016242,-0.041421,0.124038,0.056014,False,True,,,0.009682,
library_books_lent,annual,gini,continuity,8,0,8,9,0.028811,0.010363,-0.109944,0.167566,0.12171,False,True,,,0.009682,
library_books_lent,annual,gini,continuity,12,0,11,13,0.005726,0.014388,-0.276041,0.287493,0.258101,False,True,,,0.009682,
library_books_lent,annual,gini,randomisation,4,0,4,5,,,,,,False,False,0.5,0.007936507936507936,0.009682,
library_books_lent,annual,gini,randomisation,6,0,6,7,,,,,,False,False,0.125874,0.0005827505827505828,0.009682,
library_capacity,annual,gini,continuity,5,0,5,6,0.002555,0.004151,-0.023895,0.029004,0.019622,False,True,,,0.003392,
library_capacity,annual,gini,continuity,8,0,8,9,0.003245,0.003777,-0.045605,0.052094,0.042636,False,True,,,0.003392,
library_capacity,annual,gini,continuity,12,0,9,13,0.002303,0.003346,-0.088603,0.09321,0.085403,False,True,,,0.003392,
library_capacity,annual,gini,randomisation,4,0,4,5,,,,,,False,False,0.087302,0.007936507936507936,0.003392,
library_capacity,annual,gini,randomisation,6,0,6,7,,,,,,False,False,0.005245,0.0005827505827505828,0.003392,
library_readers,annual,gini,continuity,5,0,5,6,-0.003664,0.004405,-0.019418,0.01209,0.008508,False,True,,,0.001471,
library_readers,annual,gini,continuity,8,0,8,9,0.008064,0.004883,-0.018455,0.034583,0.018487,False,True,,,0.001471,
library_readers,annual,gini,continuity,12,0,12,13,0.007822,0.003116,-0.037842,0.053485,0.040538,False,True,,,0.001471,
library_readers,annual,gini,randomisation,4,0,4,5,,,,,,False,False,0.174603,0.007936507936507936,0.001471,
library_readers,annual,gini,randomisation,6,0,6,7,,,,,,False,False,0.153846,0.0005827505827505828,0.001471,
library_subscribers,annual,gini,continuity,5,0,5,6,-0.01504,0.014481,-0.058718,0.028639,0.019859,False,True,,,0.003432,
library_subscribers,annual,gini,continuity,8,0,8,9,-0.002356,0.00966,-0.061397,0.056684,0.04315,False,True,,,0.003432,
library_subscribers,annual,gini,continuity,12,0,12,13,-0.000969,0.007439,-0.107824,0.105886,0.094619,False,True,,,0.003432,
library_subscribers,annual,gini,randomisation,4,0,4,5,,,,,,False,False,0.873016,0.007936507936507936,0.003432,
library_subscribers,annual,gini,randomisation,6,0,6,7,,,,,,False,False,0.421911,0.0005827505827505828,0.003432,
marriages,annual,gini,continuity,5,0,0,0,,,,,,False,False,,,0.004506,"bandwidth 5 leaves 3 residual degrees of freedom (7 observations, 4 parameters); too few to fit"
marriages,annual,gini,continuity,8,0,7,8,-0.013497,0.005646,-0.076996,0.050002,0.054212,False,True,,,0.004506,
marriages,annual,gini,continuity,12,0,11,12,-0.009367,0.007271,-0.154855,0.136122,0.13353,False,True,,,0.004506,
marriages,annual,gini,randomisation,4,0,3,4,,,,,,False,False,0.257143,0.02857142857142857,0.004506,
marriages,annual,gini,randomisation,6,0,5,6,,,,,,False,False,0.077922,0.0021645021645021645,0.004506,
primary_pupils,annual,gini,continuity,5,0,5,6,-0.000812,0.000454,-0.006468,0.004844,0.004909,False,True,,,0.000848,
primary_pupils,annual,gini,continuity,8,0,8,9,-0.001093,0.000414,-0.01244,0.010254,0.010666,False,True,,,0.000848,
primary_pupils,annual,gini,continuity,12,0,12,13,0.000747,0.00105,-0.024368,0.025863,0.023389,False,True,,,0.000848,
primary_pupils,annual,gini,randomisation,4,0,4,5,,,,,,False,False,0.007937,0.007936507936507936,0.000848,
primary_pupils,annual,gini,randomisation,6,0,6,7,,,,,,False,False,0.000583,0.0005827505827505828,0.000848,
primary_schools,annual,gini,continuity,5,0,5,6,0.000217,0.000162,-0.00052,0.000954,0.000471,False,True,,,8.1e-05,
primary_schools,annual,gini,continuity,8,0,8,9,0.000467,0.000261,-0.000986,0.001921,0.001024,False,True,,,8.1e-05,
primary_schools,annual,gini,continuity,12,0,12,13,0.000689,0.000269,-0.001999,0.003378,0.002246,False,True,,,8.1e-05,
primary_schools,annual,gini,randomisation,4,0,4,5,,,,,,False,False,0.071429,0.007936507936507936,8.1e-05,
primary_schools,annual,gini,randomisation,6,0,6,7,,,,,,False,False,0.00641,0.0005827505827505828,8.1e-05,
primary_teachers,annual,gini,continuity,5,0,5,6,0.001512,0.000686,-0.006263,0.009287,0.006648,False,True,,,0.001149,
primary_teachers,annual,gini,continuity,8,0,8,9,0.000836,0.001131,-0.015469,0.017142,0.014444,False,True,,,0.001149,
primary_teachers,annual,gini,continuity,12,0,12,13,-2e-06,0.001169,-0.033597,0.033593,0.031673,False,True,,,0.001149,
primary_teachers,annual,gini,randomisation,4,0,4,5,,,,,,False,False,0.68254,0.007936507936507936,0.001149,
primary_teachers,annual,gini,randomisation,6,0,6,7,,,,,,False,False,0.350816,0.0005827505827505828,0.001149,
public_libraries,annual,gini,continuity,5,0,5,6,0.008323,0.002103,-0.00387,0.020515,0.008734,False,True,,,0.00151,
public_libraries,annual,gini,continuity,8,0,6,9,0.008325,0.00144,-0.012158,0.028809,0.018115,False,True,,,0.00151,
public_libraries,annual,gini,continuity,12,0,10,13,0.003368,0.002646,-0.041764,0.048499,0.04078,False,True,,,0.00151,
public_libraries,annual,gini,randomisation,4,0,4,5,,,,,,False,False,0.087302,0.007936507936507936,0.00151,
public_libraries,annual,gini,randomisation,6,0,5,7,,,,,,False,False,0.008838,0.0012626262626262627,0.00151,
road_deaths,annual,gini,continuity,5,0,0,0,,,,,,False,False,,,0.001138,bandwidth 5 leaves too few observations to fit
road_deaths,annual,gini,continuity,8,0,0,0,,,,,,False,False,,,0.001138,"bandwidth 8 leaves 4 residual degrees of freedom (8 observations, 4 parameters); too few to fit"
road_deaths,annual,gini,continuity,12,0,7,11,0.005561,0.009713,-0.200657,0.211779,0.190241,False,True,,,0.001138,
road_deaths,annual,gini,randomisation,4,0,0,3,,,,,,False,False,,,0.001138,only 0 periods before and 3 after in the window
road_deaths,annual,gini,randomisation,6,0,1,5,,,,,,False,False,,,0.001138,only 1 periods before and 5 after in the window
road_injuries,annual,gini,continuity,5,0,0,0,,,,,,False,False,,,0.004033,bandwidth 5 leaves too few observations to fit
road_injuries,annual,gini,continuity,8,0,0,0,,,,,,False,False,,,0.004033,"bandwidth 8 leaves 4 residual degrees of freedom (8 observations, 4 parameters); too few to fit"
road_injuries,annual,gini,continuity,12,0,7,11,-0.087888,0.012262,-0.700978,0.525202,0.673904,False,True,,,0.004033,
road_injuries,annual,gini,randomisation,4,0,0,3,,,,,,False,False,,,0.004033,only 0 periods before and 3 after in the window
road_injuries,annual,gini,randomisation,6,0,1,5,,,,,,False,False,,,0.004033,only 1 periods before and 5 after in the window
secondary_pupils,annual,gini,continuity,5,0,5,6,-0.001776,0.000325,-0.018007,0.014454,0.016403,False,True,,,0.002835,
secondary_pupils,annual,gini,continuity,8,0,8,9,0.00097,0.001375,-0.036933,0.038874,0.035642,False,True,,,0.002835,
secondary_pupils,annual,gini,continuity,12,0,12,13,0.004749,0.002258,-0.07712,0.086617,0.078155,False,True,,,0.002835,
secondary_pupils,annual,gini,randomisation,4,0,4,5,,,,,,False,False,0.007937,0.007936507936507936,0.002835,
secondary_pupils,annual,gini,randomisation,6,0,6,7,,,,,,False,False,0.000583,0.0005827505827505828,0.002835,
stillbirths,annual,gini,continuity,5,0,5,6,0.059574,0.017899,-0.027136,0.146285,0.057269,False,False,,,0.009898,
stillbirths,annual,gini,continuity,8,0,8,9,0.025813,0.016317,-0.125463,0.177089,0.124436,False,True,,,0.009898,
stillbirths,annual,gini,continuity,12,0,8,13,0.009933,0.017788,-0.248098,0.267964,0.228772,False,True,,,0.009898,
stillbirths,annual,gini,randomisation,4,0,4,5,,,,,,False,False,0.634921,0.007936507936507936,0.009898,
stillbirths,annual,gini,randomisation,6,0,6,7,,,,,,False,False,0.363054,0.0005827505827505828,0.009898,
cpi_general (base 2005),monthly,log,continuity,6,0,6,7,-0.008077,0.000818,-0.012186,-0.003968,0.002764,True,False,,,0.000377,
cpi_general (base 2005),monthly,log,continuity,6,1,6,6,-0.010497,0.000745,-0.015795,-0.005199,0.004073,True,False,,,0.000377,
cpi_general (base 2005),monthly,log,continuity,12,0,12,13,-0.007897,0.001235,-0.020324,0.00453,0.010395,False,True,,,0.000377,
cpi_general (base 2005),monthly,log,continuity,12,1,12,12,-0.010316,0.00103,-0.024969,0.004337,0.012958,False,True,,,0.000377,
cpi_general (base 2005),monthly,log,continuity,24,0,24,24,-0.010952,0.001483,-0.054329,0.032425,0.040938,False,True,,,0.000377,
cpi_general (base 2005),monthly,log,continuity,24,1,24,23,-0.012421,0.001112,-0.060287,0.035445,0.046038,False,True,,,0.000377,
cpi_general (base 2005),monthly,log,randomisation,6,0,6,7,,,,,,False,False,0.005245,0.0005827505827505828,0.000377,
cpi_general (base 2005),monthly,log,randomisation,12,0,12,13,,,,,,False,False,5e-05,1.9229659827317656e-07,0.000377,
industrial_prices: Energie (base 2000),monthly,log,continuity,6,0,6,7,0.018791,0.005122,0.005421,0.032161,0.004936,True,False,,,0.000674,
industrial_prices: Energie (base 2000),monthly,log,continuity,6,1,6,6,0.019426,0.00508,0.003796,0.035056,0.007275,True,False,,,0.000674,
industrial_prices: Energie (base 2000),monthly,log,continuity,12,0,12,13,0.020935,0.002849,-0.00232,0.04419,0.018568,False,False,,,0.000674,
industrial_prices: Energie (base 2000),monthly,log,continuity,12,1,12,12,0.020247,0.003105,-0.008007,0.048501,0.023147,False,True,,,0.000674,
industrial_prices: Energie (base 2000),monthly,log,continuity,24,0,24,24,0.010647,0.004383,-0.069688,0.090982,0.073126,False,True,,,0.000674,
industrial_prices: Energie (base 2000),monthly,log,continuity,24,1,24,23,0.007649,0.004477,-0.081951,0.097248,0.082235,False,True,,,0.000674,
industrial_prices: Energie (base 2000),monthly,log,continuity,36,0,36,24,0.019025,0.005109,-0.124056,0.162105,0.134677,False,True,,,0.000674,
industrial_prices: Energie (base 2000),monthly,log,continuity,36,1,36,23,0.016149,0.005143,-0.137576,0.169875,0.145267,False,True,,,0.000674,
industrial_prices: Energie (base 2000),monthly,log,continuity,60,0,60,24,-0.01133,0.01539,-0.328724,0.306064,0.292079,False,True,,,0.000674,
industrial_prices: Energie (base 2000),monthly,log,continuity,60,1,60,23,-0.014106,0.01507,-0.342091,0.31388,0.303197,False,True,,,0.000674,
industrial_prices: Energie (base 2000),monthly,log,randomisation,6,0,6,7,,,,,,False,False,0.002331,0.0005827505827505828,0.000674,
industrial_prices: Energie (base 2000),monthly,log,randomisation,12,0,12,13,,,,,,False,False,5e-05,1.9229659827317656e-07,0.000674,
industrial_prices: Energie (base 2010),monthly,log,continuity,6,0,6,7,-0.014082,0.003133,-0.021896,-0.006268,0.002648,True,False,,,0.000361,
industrial_prices: Energie (base 2010),monthly,log,continuity,6,1,6,6,-0.012503,0.002873,-0.021132,-0.003874,0.003903,True,False,,,0.000361,
industrial_prices: Energie (base 2010),monthly,log,continuity,12,0,12,13,-0.01369,0.004076,-0.030356,0.002976,0.009962,False,False,,,0.000361,
industrial_prices: Energie (base 2010),monthly,log,continuity,12,1,12,12,-0.017634,0.005067,-0.038386,0.003118,0.012418,False,False,,,0.000361,
industrial_prices: Energie (base 2010),monthly,log,continuity,24,0,12,25,-0.02514,0.006431,-0.062963,0.012684,0.027246,False,True,,,0.000361,
industrial_prices: Energie (base 2010),monthly,log,continuity,24,1,12,24,-0.029452,0.005741,-0.071029,0.012125,0.032133,False,True,,,0.000361,
industrial_prices: Energie (base 2010),monthly,log,continuity,36,0,12,37,-0.033984,0.00774,-0.097827,0.029858,0.051111,False,True,,,0.000361,
industrial_prices: Energie (base 2010),monthly,log,continuity,36,1,12,36,-0.03828,0.006855,-0.107991,0.03143,0.058435,False,True,,,0.000361,
industrial_prices: Energie (base 2010),monthly,log,continuity,60,0,12,61,-0.049783,0.011653,-0.196273,0.096708,0.127323,False,True,,,0.000361,
industrial_prices: Energie (base 2010),monthly,log,continuity,60,1,12,60,-0.053911,0.010738,-0.211096,0.103274,0.139523,False,True,,,0.000361,
industrial_prices: Energie (base 2010),monthly,log,randomisation,6,0,6,7,,,,,,False,False,0.861305,0.0005827505827505828,0.000361,
industrial_prices: Energie (base 2010),monthly,log,randomisation,12,0,12,13,,,,,,False,False,0.0024,1.9229659827317656e-07,0.000361,
industrial_prices: Industries agro-alimentaires (base 2000),monthly,log,continuity,6,0,6,7,-0.003853,0.001158,-0.009955,0.002248,0.004197,False,True,,,0.000573,
industrial_prices: Industries agro-alimentaires (base 2000),monthly,log,continuity,6,1,6,6,-0.008055,0.000675,-0.015351,-0.000759,0.006185,True,False,,,0.000573,
industrial_prices: Industries agro-alimentaires (base 2000),monthly,log,continuity,12,0,12,13,-0.003156,0.001903,-0.022073,0.015762,0.015788,False,True,,,0.000573,
industrial_prices: Industries agro-alimentaires (base 2000),monthly,log,continuity,12,1,12,12,-0.007099,0.001388,-0.029062,0.014865,0.019681,False,True,,,0.000573,
industrial_prices: Industries agro-alimentaires (base 2000),monthly,log,continuity,24,0,24,24,-0.004646,0.001364,-0.069066,0.059774,0.062176,False,True,,,0.000573,
industrial_prices: Industries agro-alimentaires (base 2000),monthly,log,continuity,24,1,24,23,-0.006737,0.001057,-0.059584,0.046111,0.069922,False,True,,,0.000573,
industrial_prices: Industries agro-alimentaires (base 2000),monthly,log,continuity,36,0,36,24,-0.00347,0.001232,-0.065066,0.058126,0.114512,False,True,,,0.000573,
industrial_prices: Industries agro-alimentaires (base 2000),monthly,log,continuity,36,1,36,23,-0.005267,0.001218,-0.066174,0.05564,0.123515,False,True,,,0.000573,
industrial_prices: Industries agro-alimentaires (base 2000),monthly,log,continuity,60,0,60,24,-0.004407,0.00304,-0.156395,0.147581,0.248345,False,True,,,0.000573,
industrial_prices: Industries agro-alimentaires (base 2000),monthly,log,continuity,60,1,60,23,-0.006073,0.002973,-0.154725,0.14258,0.257799,False,True,,,0.000573,
industrial_prices: Industries agro-alimentaires (base 2000),monthly,log,randomisation,6,0,6,7,,,,,,False,False,0.000583,0.0005827505827505828,0.000573,
industrial_prices: Industries agro-alimentaires (base 2000),monthly,log,randomisation,12,0,12,13,,,,,,False,False,5e-05,1.9229659827317656e-07,0.000573,
industrial_prices: Industries agro-alimentaires (base 2010),monthly,log,continuity,6,0,6,7,-0.004579,0.000574,-0.00654,-0.002618,0.001017,True,False,,,0.000139,
industrial_prices: Industries agro-alimentaires (base 2010),monthly,log,continuity,6,1,6,6,-0.004719,0.000708,-0.007383,-0.002055,0.001499,True,False,,,0.000139,
industrial_prices: Industries agro-alimentaires (base 2010),monthly,log,continuity,12,0,12,13,-0.005955,0.00231,-0.013581,0.001672,0.003827,False,False,,,0.000139,
industrial_prices: Industries agro-alimentaires (base 2010),monthly,log,continuity,12,1,12,12,-0.009475,0.002528,-0.018403,-0.000547,0.00477,True,False,,,0.000139,
industrial_prices: Industries agro-alimentaires (base 2010),monthly,log,continuity,24,0,12,25,-0.005335,0.002393,-0.019736,0.009066,0.010466,False,True,,,0.000139,
industrial_prices: Industries agro-alimentaires (base 2010),monthly,log,continuity,24,1,12,24,-0.007238,0.002531,-0.023744,0.009269,0.012343,False,True,,,0.000139,
industrial_prices: Industries agro-alimentaires (base 2010),monthly,log,continuity,36,0,12,37,-0.00507,0.002119,-0.028188,0.018048,0.019633,False,True,,,0.000139,
industrial_prices: Industries agro-alimentaires (base 2010),monthly,log,continuity,36,1,12,36,-0.006285,0.002308,-0.032528,0.019957,0.022446,False,True,,,0.000139,
industrial_prices: Industries agro-alimentaires (base 2010),monthly,log,continuity,60,0,12,61,0.00288,0.005569,-0.055187,0.060947,0.048907,False,True,,,0.000139,
industrial_prices: Industries agro-alimentaires (base 2010),monthly,log,continuity,60,1,12,60,0.002992,0.006031,-0.06052,0.066505,0.053593,False,True,,,0.000139,
industrial_prices: Industries agro-alimentaires (base 2010),monthly,log,randomisation,6,0,6,7,,,,,,False,False,0.000583,0.0005827505827505828,0.000139,
industrial_prices: Industries agro-alimentaires (base 2010),monthly,log,randomisation,12,0,12,13,,,,,,False,False,5e-05,1.9229659827317656e-07,0.000139,
industrial_prices: Industries chimiques (base 2000),monthly,log,continuity,6,0,6,7,-0.003682,0.001371,-0.011309,0.003946,0.005372,False,True,,,0.000733,
industrial_prices: Industries chimiques (base 2000),monthly,log,continuity,6,1,6,6,-0.008064,0.002468,-0.020042,0.003913,0.007917,False,False,,,0.000733,
industrial_prices: Industries chimiques (base 2000),monthly,log,continuity,12,0,12,13,-0.002767,0.00203,-0.026315,0.020781,0.020209,False,True,,,0.000733,
industrial_prices: Industries chimiques (base 2000),monthly,log,continuity,12,1,12,12,-0.004057,0.002343,-0.033102,0.024988,0.025192,False,True,,,0.000733,
industrial_prices: Industries chimiques (base 2000),monthly,log,continuity,24,0,24,24,0.003498,0.007816,-0.088944,0.095941,0.079587,False,True,,,0.000733,
industrial_prices: Industries chimiques (base 2000),monthly,log,continuity,24,1,24,23,0.006686,0.008707,-0.097136,0.110509,0.089501,False,True,,,0.000733,
industrial_prices: Industries chimiques (base 2000),monthly,log,continuity,36,0,36,24,0.025807,0.016431,-0.147796,0.19941,0.146576,False,True,,,0.000733,
industrial_prices: Industries chimiques (base 2000),monthly,log,continuity,36,1,36,23,0.029772,0.017157,-0.15655,0.216093,0.158101,False,True,,,0.000733,
industrial_prices: Industries chimiques (base 2000),monthly,log,continuity,60,0,60,24,0.002853,0.012242,-0.335167,0.340874,0.317885,False,True,,,0.000733,
industrial_prices: Industries chimiques (base 2000),monthly,log,continuity,60,1,60,23,0.006985,0.012579,-0.343691,0.357661,0.329985,False,True,,,0.000733,
industrial_prices: Industries chimiques (base 2000),monthly,log,randomisation,6,0,6,7,,,,,,False,False,0.002331,0.0005827505827505828,0.000733,
industrial_prices: Industries chimiques (base 2000),monthly,log,randomisation,12,0,12,13,,,,,,False,False,5e-05,1.9229659827317656e-07,0.000733,
industrial_prices: Industries chimiques (base 2010),monthly,log,continuity,6,0,6,7,0.006874,0.003227,-0.001019,0.014767,0.002566,False,False,,,0.00035,
industrial_prices: Industries chimiques (base 2010),monthly,log,continuity,6,1,6,6,0.006685,0.006467,-0.007879,0.02125,0.003782,False,False,,,0.00035,
industrial_prices: Industries chimiques (base 2010),monthly,log,continuity,12,0,12,13,0.01788,0.007379,-0.003911,0.039672,0.009653,False,False,,,0.00035,
industrial_prices: Industries chimiques (base 2010),monthly,log,continuity,12,1,12,12,0.022513,0.007801,-0.002352,0.047378,0.012033,False,False,,,0.00035,
industrial_prices: Industries chimiques (base 2010),monthly,log,continuity,24,0,12,25,0.033641,0.017237,-0.021112,0.088395,0.026401,False,False,,,0.00035,
industrial_prices: Industries chimiques (base 2010),monthly,log,continuity,24,1,12,24,0.045822,0.017988,-0.014902,0.106546,0.031137,False,False,,,0.00035,
industrial_prices: Industries chimiques (base 2010),monthly,log,continuity,36,0,12,37,0.071021,0.026081,-0.021406,0.163448,0.049527,False,False,,,0.00035,
industrial_prices: Industries chimiques (base 2010),monthly,log,continuity,36,1,12,36,0.086093,0.025331,-0.012195,0.184382,0.056623,False,False,,,0.00035,
industrial_prices: Industries chimiques (base 2010),monthly,log,continuity,60,0,12,61,0.090532,0.029207,-0.080885,0.261949,0.123376,False,True,,,0.00035,
industrial_prices: Industries chimiques (base 2010),monthly,log,continuity,60,1,12,60,0.101522,0.027422,-0.078781,0.281825,0.135197,False,True,,,0.00035,
industrial_prices: Industries chimiques (base 2010),monthly,log,randomisation,6,0,6,7,,,,,,False,False,0.001166,0.0005827505827505828,0.00035,
industrial_prices: Industries chimiques (base 2010),monthly,log,randomisation,12,0,12,13,,,,,,False,False,5e-05,1.9229659827317656e-07,0.00035,
industrial_prices: Industries diverses (base 2000),monthly,log,continuity,6,0,6,7,0.013039,0.001041,0.006409,0.019668,0.004917,True,False,,,0.000671,
industrial_prices: Industries diverses (base 2000),monthly,log,continuity,6,1,6,6,0.011954,0.001344,0.002498,0.02141,0.007245,True,False,,,0.000671,
industrial_prices: Industries diverses (base 2000),monthly,log,continuity,12,0,12,13,0.009231,0.002413,-0.013231,0.031693,0.018494,False,True,,,0.000671,
industrial_prices: Industries diverses (base 2000),monthly,log,continuity,12,1,12,12,0.006557,0.003205,-0.021769,0.034882,0.023054,False,True,,,0.000671,
industrial_prices: Industries diverses (base 2000),monthly,log,continuity,24,0,24,24,0.00863,0.002439,-0.068215,0.085474,0.072832,False,True,,,0.000671,
industrial_prices: Industries diverses (base 2000),monthly,log,continuity,24,1,24,23,0.006823,0.002767,-0.079633,0.09328,0.081905,False,True,,,0.000671,
industrial_prices: Industries diverses (base 2000),monthly,log,continuity,36,0,36,24,0.002832,0.005,-0.13953,0.145193,0.134137,False,True,,,0.000671,
industrial_prices: Industries diverses (base 2000),monthly,log,continuity,36,1,36,23,0.001777,0.004924,-0.151006,0.154559,0.144683,False,True,,,0.000671,
industrial_prices: Industries diverses (base 2000),monthly,log,continuity,60,0,60,24,-0.00342,0.006242,-0.304594,0.297753,0.290907,False,True,,,0.000671,
industrial_prices: Industries diverses (base 2000),monthly,log,continuity,60,1,60,23,-0.004211,0.006082,-0.308287,0.299864,0.30198,False,True,,,0.000671,
industrial_prices: Industries diverses (base 2000),monthly,log,randomisation,6,0,6,7,,,,,,False,False,0.000583,0.0005827505827505828,0.000671,
industrial_prices: Industries diverses (base 2000),monthly,log,randomisation,12,0,12,13,,,,,,False,False,5e-05,1.9229659827317656e-07,0.000671,
industrial_prices: Industries diverses (base 2010),monthly,log,continuity,6,0,6,7,-0.004227,0.000729,-0.008169,-0.000284,0.002744,True,False,,,0.000374,
industrial_prices: Industries diverses (base 2010),monthly,log,continuity,6,1,6,6,-0.001619,0.000979,-0.007273,0.004034,0.004044,False,True,,,0.000374,
industrial_prices: Industries diverses (base 2010),monthly,log,continuity,12,0,12,13,-0.007794,0.002039,-0.021469,0.005881,0.010321,False,True,,,0.000374,
industrial_prices: Industries diverses (base 2010),monthly,log,continuity,12,1,12,12,-0.008736,0.003026,-0.02658,0.009108,0.012866,False,True,,,0.000374,
industrial_prices: Industries diverses (base 2010),monthly,log,continuity,24,0,12,25,-0.009432,0.001912,-0.040805,0.021941,0.028228,False,True,,,0.000374,
industrial_prices: Industries diverses (base 2010),monthly,log,continuity,24,1,12,24,-0.010598,0.00211,-0.04736,0.026165,0.033292,False,True,,,0.000374,
industrial_prices: Industries diverses (base 2010),monthly,log,continuity,36,0,12,37,-0.002264,0.004818,-0.063144,0.058615,0.052954,False,True,,,0.000374,
industrial_prices: Industries diverses (base 2010),monthly,log,continuity,36,1,12,36,-0.001733,0.005528,-0.071367,0.067901,0.060542,False,True,,,0.000374,
industrial_prices: Industries diverses (base 2010),monthly,log,continuity,60,0,12,61,0.011688,0.010168,-0.136951,0.160327,0.131914,False,True,,,0.000374,
industrial_prices: Industries diverses (base 2010),monthly,log,continuity,60,1,12,60,0.013454,0.010551,-0.148455,0.175362,0.144553,False,True,,,0.000374,
industrial_prices: Industries diverses (base 2010),monthly,log,randomisation,6,0,6,7,,,,,,False,False,0.014569,0.0005827505827505828,0.000374,
industrial_prices: Industries diverses (base 2010),monthly,log,randomisation,12,0,12,13,,,,,,False,False,5e-05,1.9229659827317656e-07,0.000374,
industrial_prices: Industries mécaniques et électriques (base 2000),monthly,log,continuity,6,0,6,7,0.002081,0.00158,-0.003048,0.00721,0.00253,False,True,,,0.000345,
industrial_prices: Industries mécaniques et électriques (base 2000),monthly,log,continuity,6,1,6,6,0.006885,0.002031,-0.000184,0.013954,0.003729,False,False,,,0.000345,
industrial_prices: Industries mécaniques et électriques (base 2000),monthly,log,continuity,12,0,12,13,0.002474,0.002011,-0.010351,0.015299,0.009517,False,True,,,0.000345,
industrial_prices: Industries mécaniques et électriques (base 2000),monthly,log,continuity,12,1,12,12,0.001972,0.003158,-0.015086,0.01903,0.011864,False,True,,,0.000345,
industrial_prices: Industries mécaniques et électriques (base 2000),monthly,log,continuity,24,0,24,24,0.015909,0.007391,-0.033729,0.065548,0.037481,False,True,,,0.000345,
industrial_prices: Industries mécaniques et électriques (base 2000),monthly,log,continuity,24,1,24,23,0.016448,0.007869,-0.038646,0.071541,0.04215,False,True,,,0.000345,
industrial_prices: Industries mécaniques et électriques (base 2000),monthly,log,continuity,36,0,36,24,0.042521,0.017006,-0.054481,0.139523,0.069029,False,True,,,0.000345,
industrial_prices: Industries mécaniques et électriques (base 2000),monthly,log,continuity,36,1,36,23,0.043658,0.01751,-0.0596,0.146916,0.074457,False,True,,,0.000345,
industrial_prices: Industries mécaniques et électriques (base 2000),monthly,log,continuity,60,0,60,24,0.015269,0.015841,-0.160493,0.191031,0.149706,False,True,,,0.000345,
industrial_prices: Industries mécaniques et électriques (base 2000),monthly,log,continuity,60,1,60,23,0.016574,0.015987,-0.165126,0.198275,0.155404,False,True,,,0.000345,
industrial_prices: Industries mécaniques et électriques (base 2000),monthly,log,randomisation,6,0,6,7,,,,,,False,False,0.000583,0.0005827505827505828,0.000345,
industrial_prices: Industries mécaniques et électriques (base 2000),monthly,log,randomisation,12,0,12,13,,,,,,False,False,5e-05,1.9229659827317656e-07,0.000345,
industrial_prices: Industries mécaniques et électriques (base 2010),monthly,log,continuity,6,0,6,7,-0.004156,0.00157,-0.009126,0.000814,0.002388,False,False,,,0.000326,
industrial_prices: Industries mécaniques et électriques (base 2010),monthly,log,continuity,6,1,6,6,-0.002053,0.001594,-0.008193,0.004087,0.003519,False,True,,,0.000326,
industrial_prices: Industries mécaniques et électriques (base 2010),monthly,log,continuity,12,0,12,13,-0.006542,0.001662,-0.018257,0.005173,0.008982,False,True,,,0.000326,
industrial_prices: Industries mécaniques et électriques (base 2010),monthly,log,continuity,12,1,12,12,-0.007145,0.002059,-0.021728,0.007437,0.011196,False,True,,,0.000326,
industrial_prices: Industries mécaniques et électriques (base 2010),monthly,log,continuity,24,0,12,25,-0.001555,0.002805,-0.030735,0.027624,0.024565,False,True,,,0.000326,
industrial_prices: Industries mécaniques et électriques (base 2010),monthly,log,continuity,24,1,12,24,-2.4e-05,0.003241,-0.034327,0.03428,0.028972,False,True,,,0.000326,
industrial_prices: Industries mécaniques et électriques (base 2010),monthly,log,continuity,36,0,12,37,0.004696,0.004753,-0.049205,0.058597,0.046083,False,True,,,0.000326,
industrial_prices: Industries mécaniques et électriques (base 2010),monthly,log,continuity,36,1,12,36,0.006842,0.004825,-0.053781,0.067465,0.052686,False,True,,,0.000326,
industrial_prices: Industries mécaniques et électriques (base 2010),monthly,log,continuity,60,0,12,61,0.010148,0.005442,-0.113599,0.133895,0.114796,False,True,,,0.000326,
industrial_prices: Industries mécaniques et électriques (base 2010),monthly,log,continuity,60,1,12,60,0.011978,0.005075,-0.122165,0.146122,0.125796,False,True,,,0.000326,
industrial_prices: Industries mécaniques et électriques (base 2010),monthly,log,randomisation,6,0,6,7,,,,,,False,False,0.002331,0.0005827505827505828,0.000326,
industrial_prices: Industries mécaniques et électriques (base 2010),monthly,log,randomisation,12,0,12,13,,,,,,False,False,5e-05,1.9229659827317656e-07,0.000326,
"industrial_prices: Matériaux de construction, céramiques et verre (base 2000)",monthly,log,continuity,6,0,6,7,0.019154,0.00282,0.013559,0.02475,0.000446,True,False,,,6.1e-05,
"industrial_prices: Matériaux de construction, céramiques et verre (base 2000)",monthly,log,continuity,6,1,6,6,0.024078,0.006432,0.011406,0.03675,0.000657,True,False,,,6.1e-05,
"industrial_prices: Matériaux de construction, céramiques et verre (base 2000)",monthly,log,continuity,12,0,12,13,0.021083,0.004236,0.012169,0.029997,0.001677,True,False,,,6.1e-05,
"industrial_prices: Matériaux de construction, céramiques et verre (base 2000)",monthly,log,continuity,12,1,12,12,0.027574,0.004051,0.018684,0.036464,0.002091,True,False,,,6.1e-05,
"industrial_prices: Matériaux de construction, céramiques et verre (base 2000)",monthly,log,continuity,24,0,24,24,0.025271,0.003616,0.012717,0.037825,0.006606,True,False,,,6.1e-05,
"industrial_prices: Matériaux de construction, céramiques et verre (base 2000)",monthly,log,continuity,24,1,24,23,0.028693,0.00351,0.015492,0.041894,0.007428,True,False,,,6.1e-05,
"industrial_prices: Matériaux de construction, céramiques et verre (base 2000)",monthly,log,continuity,36,0,36,24,0.041575,0.010269,0.012515,0.070635,0.012166,True,False,,,6.1e-05,
"industrial_prices: Matériaux de construction, céramiques et verre (base 2000)",monthly,log,continuity,36,1,36,23,0.044871,0.009855,0.015538,0.074204,0.013122,True,False,,,6.1e-05,
"industrial_prices: Matériaux de construction, céramiques et verre (base 2000)",monthly,log,continuity,60,0,60,24,0.043464,0.009235,0.00189,0.085039,0.026384,True,False,,,6.1e-05,
"industrial_prices: Matériaux de construction, céramiques et verre (base 2000)",monthly,log,continuity,60,1,60,23,0.04665,0.008944,0.00455,0.088751,0.027389,True,False,,,6.1e-05,
"industrial_prices: Matériaux de construction, céramiques et verre (base 2000)",monthly,log,randomisation,6,0,6,7,,,,,,False,False,0.001166,0.0005827505827505828,6.1e-05,
"industrial_prices: Matériaux de construction, céramiques et verre (base 2000)",monthly,log,randomisation,12,0,12,13,,,,,,False,False,5e-05,1.9229659827317656e-07,6.1e-05,
"industrial_prices: Matériaux de construction, céramiques et verre (base 2010)",monthly,log,continuity,6,0,6,7,0.000559,0.000996,-0.002284,0.003402,0.001204,False,True,,,0.000164,
"industrial_prices: Matériaux de construction, céramiques et verre (base 2010)",monthly,log,continuity,6,1,6,6,0.000658,0.002579,-0.005388,0.006704,0.001774,False,True,,,0.000164,
"industrial_prices: Matériaux de construction, céramiques et verre (base 2010)",monthly,log,continuity,12,0,12,13,-0.008159,0.00392,-0.019136,0.002818,0.004527,False,False,,,0.000164,
"industrial_prices: Matériaux de construction, céramiques et verre (base 2010)",monthly,log,continuity,12,1,12,12,-0.005813,0.004021,-0.018071,0.006446,0.005644,False,False,,,0.000164,
"industrial_prices: Matériaux de construction, céramiques et verre (base 2010)",monthly,log,continuity,24,0,12,25,-0.007489,0.004268,-0.026892,0.011914,0.012383,False,True,,,0.000164,
"industrial_prices: Matériaux de construction, céramiques et verre (base 2010)",monthly,log,continuity,24,1,12,24,-0.005058,0.004307,-0.026747,0.016631,0.014604,False,True,,,0.000164,
"industrial_prices: Matériaux de construction, céramiques et verre (base 2010)",monthly,log,continuity,36,0,12,37,-0.000301,0.005145,-0.031993,0.031391,0.023229,False,True,,,0.000164,
"industrial_prices: Matériaux de construction, céramiques et verre (base 2010)",monthly,log,continuity,36,1,12,36,0.002665,0.004886,-0.031928,0.037259,0.026557,False,True,,,0.000164,
"industrial_prices: Matériaux de construction, céramiques et verre (base 2010)",monthly,log,continuity,60,0,12,61,-0.002427,0.00551,-0.069355,0.0645,0.057865,False,True,,,0.000164,
"industrial_prices: Matériaux de construction, céramiques et verre (base 2010)",monthly,log,continuity,60,1,12,60,-0.000888,0.005579,-0.073475,0.071698,0.06341,False,True,,,0.000164,
"industrial_prices: Matériaux de construction, céramiques et verre (base 2010)",monthly,log,randomisation,6,0,6,7,,,,,,False,False,0.001748,0.0005827505827505828,0.000164,
"industrial_prices: Matériaux de construction, céramiques et verre (base 2010)",monthly,log,randomisation,12,0,12,13,,,,,,False,False,5e-05,1.9229659827317656e-07,0.000164,
industrial_prices: Mines (base 2000),monthly,log,continuity,6,0,6,7,-0.024619,0.020031,-0.074449,0.02521,0.016795,False,False,,,0.002292,
industrial_prices: Mines (base 2000),monthly,log,continuity,6,1,6,6,-0.073421,0.034107,-0.154588,0.007746,0.02475,False,False,,,0.002292,
industrial_prices: Mines (base 2000),monthly,log,continuity,12,0,12,13,-0.113859,0.045828,-0.252416,0.024698,0.063174,False,False,,,0.002292,
industrial_prices: Mines (base 2000),monthly,log,continuity,12,1,12,12,-0.176423,0.037748,-0.317264,-0.035583,0.078751,True,False,,,0.002292,
industrial_prices: Mines (base 2000),monthly,log,continuity,24,0,24,24,-0.025427,0.066387,-0.383416,0.332563,0.248793,False,True,,,0.002292,
industrial_prices: Mines (base 2000),monthly,log,continuity,24,1,24,23,-0.038675,0.077333,-0.44566,0.368311,0.279785,False,True,,,0.002292,
industrial_prices: Mines (base 2000),monthly,log,continuity,36,0,36,24,0.089563,0.101108,-0.534952,0.714079,0.458208,False,True,,,0.002292,
industrial_prices: Mines (base 2000),monthly,log,continuity,36,1,36,23,0.086125,0.112202,-0.592666,0.764916,0.494235,False,True,,,0.002292,
industrial_prices: Mines (base 2000),monthly,log,continuity,60,0,60,24,-0.164751,0.11959,-1.35519,1.025688,0.99373,False,True,,,0.002292,
industrial_prices: Mines (base 2000),monthly,log,continuity,60,1,60,23,-0.164961,0.118377,-1.39123,1.061309,1.031556,False,True,,,0.002292,
industrial_prices: Mines (base 2000),monthly,log,randomisation,6,0,6,7,,,,,,False,False,0.451632,0.0005827505827505828,0.002292,
industrial_prices: Mines (base 2000),monthly,log,randomisation,12,0,12,13,,,,,,False,False,0.00085,1.9229659827317656e-07,0.002292,
industrial_prices: Mines (base 2010),monthly,log,continuity,6,0,6,7,0.010284,0.015022,-0.027212,0.047779,0.012726,False,True,,,0.001737,
industrial_prices: Mines (base 2010),monthly,log,continuity,6,1,6,6,-0.01908,0.035906,-0.098056,0.059896,0.018754,False,False,,,0.001737,
industrial_prices: Mines (base 2010),monthly,log,continuity,12,0,12,13,-0.032058,0.028051,-0.126067,0.061952,0.04787,False,True,,,0.001737,
industrial_prices: Mines (base 2010),monthly,log,continuity,12,1,12,12,-0.076682,0.024679,-0.176948,0.023585,0.059673,False,False,,,0.001737,
industrial_prices: Mines (base 2010),monthly,log,continuity,24,0,12,25,-0.002529,0.0285,-0.180332,0.175273,0.130925,False,True,,,0.001737,
industrial_prices: Mines (base 2010),monthly,log,continuity,24,1,12,24,-0.01167,0.037218,-0.227296,0.203957,0.154408,False,True,,,0.001737,
industrial_prices: Mines (base 2010),monthly,log,continuity,36,0,12,37,0.111132,0.076865,-0.260904,0.483168,0.245604,False,True,,,0.001737,
industrial_prices: Mines (base 2010),monthly,log,continuity,36,1,12,36,0.126103,0.086268,-0.296592,0.548797,0.280796,False,True,,,0.001737,
industrial_prices: Mines (base 2010),monthly,log,continuity,60,0,12,61,0.289579,0.131403,-0.538381,1.117539,0.611821,False,True,,,0.001737,
industrial_prices: Mines (base 2010),monthly,log,continuity,60,1,12,60,0.317095,0.13276,-0.571721,1.205911,0.670445,False,True,,,0.001737,
industrial_prices: Mines (base 2010),monthly,log,randomisation,6,0,6,7,,,,,,False,False,0.030303,0.0005827505827505828,0.001737,
industrial_prices: Mines (base 2010),monthly,log,randomisation,12,0,12,13,,,,,,False,False,0.0002,1.9229659827317656e-07,0.001737,
"industrial_prices: Textiles, habillement et cuirs (base 2000)",monthly,log,continuity,6,0,6,7,0.057456,0.004173,0.045278,0.069634,0.005312,True,False,,,0.000725,
"industrial_prices: Textiles, habillement et cuirs (base 2000)",monthly,log,continuity,6,1,6,6,0.067595,0.007079,0.048118,0.087072,0.007829,True,False,,,0.000725,
"industrial_prices: Textiles, habillement et cuirs (base 2000)",monthly,log,continuity,12,0,12,13,0.076415,0.009879,0.040184,0.112646,0.019982,True,False,,,0.000725,
"industrial_prices: Textiles, habillement et cuirs (base 2000)",monthly,log,continuity,12,1,12,12,0.093056,0.008717,0.053808,0.132303,0.024909,True,False,,,0.000725,
"industrial_prices: Textiles, habillement et cuirs (base 2000)",monthly,log,continuity,24,0,24,24,0.07775,0.007087,-0.012603,0.168102,0.078695,False,True,,,0.000725,
"industrial_prices: Textiles, habillement et cuirs (base 2000)",monthly,log,continuity,24,1,24,23,0.088379,0.00519,-0.008656,0.185414,0.088498,False,True,,,0.000725,
"industrial_prices: Textiles, habillement et cuirs (base 2000)",monthly,log,continuity,36,0,36,24,0.084743,0.008492,-0.074159,0.243645,0.144934,False,True,,,0.000725,
"industrial_prices: Textiles, habillement et cuirs (base 2000)",monthly,log,continuity,36,1,36,23,0.094286,0.005577,-0.071217,0.25979,0.15633,False,True,,,0.000725,
"industrial_prices: Textiles, habillement et cuirs (base 2000)",monthly,log,continuity,60,0,60,24,0.073261,0.007276,-0.253031,0.399553,0.314323,False,True,,,0.000725,
"industrial_prices: Textiles, habillement et cuirs (base 2000)",monthly,log,continuity,60,1,60,23,0.082255,0.006049,-0.220187,0.384697,0.326288,False,True,,,0.000725,
"industrial_prices: Textiles, habillement et cuirs (base 2000)",monthly,log,randomisation,6,0,6,7,,,,,,False,False,0.001166,0.0005827505827505828,0.000725,
"industrial_prices: Textiles, habillement et cuirs (base 2000)",monthly,log,randomisation,12,0,12,13,,,,,,False,False,5e-05,1.9229659827317656e-07,0.000725,
"industrial_prices: Textiles, habillement et cuirs (base 2010)",monthly,log,continuity,6,0,6,7,0.006518,0.001348,0.003569,0.009466,0.000684,True,False,,,9.3e-05,
"industrial_prices: Textiles, habillement et cuirs (base 2010)",monthly,log,continuity,6,1,6,6,0.010509,0.001967,0.006199,0.01482,0.001008,True,False,,,9.3e-05,
"industrial_prices: Textiles, habillement et cuirs (base 2010)",monthly,log,continuity,12,0,12,13,0.007817,0.002778,0.000669,0.014965,0.002573,True,False,,,9.3e-05,
"industrial_prices: Textiles, habillement et cuirs (base 2010)",monthly,log,continuity,12,1,12,12,0.012726,0.002668,0.005129,0.020323,0.003208,True,False,,,9.3e-05,
"industrial_prices: Textiles, habillement et cuirs (base 2010)",monthly,log,continuity,24,0,12,25,-0.002731,0.005931,-0.019526,0.014064,0.007037,False,True,,,9.3e-05,
"industrial_prices: Textiles, habillement et cuirs (base 2010)",monthly,log,continuity,24,1,12,24,-0.002332,0.006877,-0.021946,0.017281,0.0083,False,True,,,9.3e-05,
"industrial_prices: Textiles, habillement et cuirs (base 2010)",monthly,log,continuity,36,0,12,37,-0.003949,0.005042,-0.025444,0.017546,0.013202,False,True,,,9.3e-05,
"industrial_prices: Textiles, habillement et cuirs (base 2010)",monthly,log,continuity,36,1,12,36,-0.0038,0.005399,-0.027774,0.020174,0.015093,False,True,,,9.3e-05,
"industrial_prices: Textiles, habillement et cuirs (base 2010)",monthly,log,continuity,60,0,12,61,0.003291,0.004654,-0.03725,0.043833,0.032887,False,True,,,9.3e-05,
"industrial_prices: Textiles, habillement et cuirs (base 2010)",monthly,log,continuity,60,1,12,60,0.004184,0.004958,-0.040008,0.048376,0.036038,False,True,,,9.3e-05,
"industrial_prices: Textiles, habillement et cuirs (base 2010)",monthly,log,randomisation,6,0,6,7,,,,,,False,False,0.001166,0.0005827505827505828,9.3e-05,
"industrial_prices: Textiles, habillement et cuirs (base 2010)",monthly,log,randomisation,12,0,12,13,,,,,,False,False,5e-05,1.9229659827317656e-07,9.3e-05,
money_orders,monthly,log,continuity,6,0,6,7,-0.037687,0.029635,-0.096555,0.02118,0.004895,False,False,,,0.000668,
money_orders,monthly,log,continuity,6,1,6,6,0.059343,0.012451,0.03136,0.087327,0.007213,True,False,,,0.000668,
money_orders,monthly,log,continuity,12,0,12,13,-0.046411,0.014278,-0.08831,-0.004512,0.018412,True,False,,,0.000668,
money_orders,monthly,log,continuity,12,1,12,12,-0.0059,0.018729,-0.059661,0.047862,0.022952,False,True,,,0.000668,
money_orders,monthly,log,continuity,24,0,24,25,-0.068033,0.014417,-0.164258,0.028192,0.072511,False,True,,,0.000668,
money_orders,monthly,log,continuity,24,1,24,24,-0.056474,0.020746,-0.172141,0.059193,0.081543,False,True,,,0.000668,
money_orders,monthly,log,continuity,36,0,36,37,-0.050255,0.012772,-0.233941,0.13343,0.162678,False,True,,,0.000668,
money_orders,monthly,log,continuity,36,1,36,36,-0.040803,0.015596,-0.24267,0.161063,0.176214,False,True,,,0.000668,
money_orders,monthly,log,continuity,60,0,60,61,-0.037162,0.018822,-0.519337,0.445012,0.451215,False,True,,,0.000668,
money_orders,monthly,log,continuity,60,1,60,60,-0.029856,0.020227,-0.53689,0.477179,0.473763,False,True,,,0.000668,
money_orders,monthly,log,randomisation,6,0,6,7,,,,,,False,False,0.090326,0.0005827505827505828,0.000668,
money_orders,monthly,log,randomisation,12,0,12,13,,,,,,False,False,0.256237,1.9229659827317656e-07,0.000668,
road_deaths,monthly,log,continuity,6,0,6,7,0.042199,0.036471,-0.029285,0.113683,0.000308,False,False,,,4.2e-05,
road_deaths,monthly,log,continuity,6,1,6,6,0.115608,0.036635,0.043799,0.187417,0.000454,True,False,,,4.2e-05,
road_deaths,monthly,log,continuity,12,0,12,13,0.019021,0.042515,-0.064338,0.10238,0.001159,False,False,,,4.2e-05,
road_deaths,monthly,log,continuity,12,1,12,12,0.087138,0.042495,0.0038,0.170476,0.001445,True,False,,,4.2e-05,
road_deaths,monthly,log,continuity,24,0,15,25,0.145375,0.061998,0.023618,0.267132,0.003924,True,False,,,4.2e-05,
road_deaths,monthly,log,continuity,24,1,15,24,0.202136,0.052584,0.098698,0.305574,0.004493,True,False,,,4.2e-05,
road_deaths,monthly,log,continuity,36,0,27,37,0.21684,0.061779,0.094333,0.339347,0.009518,True,False,,,4.2e-05,
road_deaths,monthly,log,continuity,36,1,27,36,0.265119,0.047622,0.169609,0.360629,0.01037,True,False,,,4.2e-05,
road_deaths,monthly,log,continuity,60,0,51,61,0.224243,0.049815,0.114715,0.333772,0.025972,True,False,,,4.2e-05,
road_deaths,monthly,log,continuity,60,1,51,60,0.257557,0.037554,0.168055,0.34706,0.027392,True,False,,,4.2e-05,
road_deaths,monthly,log,randomisation,6,0,6,7,,,,,,False,False,0.097902,0.0005827505827505828,4.2e-05,
road_deaths,monthly,log,randomisation,12,0,12,13,,,,,,False,False,0.002,1.9229659827317656e-07,4.2e-05,
road_injuries,monthly,log,continuity,6,0,6,7,-0.743856,0.084695,-0.909858,-0.577854,0.00052,True,False,,,7.1e-05,
road_injuries,monthly,log,continuity,6,1,6,6,-0.505976,0.103177,-0.708205,-0.303747,0.000767,True,False,,,7.1e-05,
road_injuries,monthly,log,continuity,12,0,12,13,-0.483024,0.120017,-0.718285,-0.247764,0.001957,True,False,,,7.1e-05,
road_injuries,monthly,log,continuity,12,1,12,12,-0.275313,0.077162,-0.426623,-0.124004,0.002439,True,False,,,7.1e-05,
road_injuries,monthly,log,continuity,24,0,24,25,-0.224118,0.105153,-0.430766,-0.017469,0.007707,True,False,,,7.1e-05,
road_injuries,monthly,log,continuity,24,1,24,24,-0.08313,0.064476,-0.210635,0.044375,0.008667,False,False,,,7.1e-05,
road_injuries,monthly,log,continuity,36,0,36,37,-0.116223,0.103555,-0.321986,0.08954,0.01729,False,False,,,7.1e-05,
road_injuries,monthly,log,continuity,36,1,36,36,-0.009011,0.061964,-0.135807,0.117785,0.018729,False,True,,,7.1e-05,
road_injuries,monthly,log,continuity,60,0,60,61,0.018969,0.10753,-0.211133,0.24907,0.047957,False,True,,,7.1e-05,
road_injuries,monthly,log,continuity,60,1,60,60,0.094225,0.071516,-0.074526,0.262975,0.050354,False,False,,,7.1e-05,
road_injuries,monthly,log,randomisation,6,0,6,7,,,,,,False,False,0.378788,0.0005827505827505828,7.1e-05,
road_injuries,monthly,log,randomisation,12,0,12,13,,,,,,False,False,0.896105,1.9229659827317656e-07,7.1e-05,
tourist_departures,monthly,log,continuity,6,0,6,4,-0.393701,0.168057,-0.723889,-0.063514,0.011737,True,False,,,0.001865,
tourist_departures,monthly,log,continuity,6,1,0,0,,,,,,False,False,,,0.001865,"bandwidth 6 leaves 4 residual degrees of freedom (8 observations, 4 parameters); too few to fit"
tourist_departures,monthly,log,continuity,12,0,12,7,-0.471123,0.085275,-0.659217,-0.283028,0.04519,True,False,,,0.001865,
tourist_departures,monthly,log,continuity,12,1,12,6,-0.625581,0.127213,-0.896645,-0.354516,0.055163,True,False,,,0.001865,
tourist_departures,monthly,log,continuity,24,0,24,19,-0.546529,0.066494,-0.836928,-0.25613,0.181025,True,False,,,0.001865,
tourist_departures,monthly,log,continuity,24,1,24,18,-0.614217,0.087963,-0.968464,-0.25997,0.20956,True,False,,,0.001865,
tourist_departures,monthly,log,continuity,36,0,36,31,-0.508296,0.061512,-1.081541,0.064948,0.472067,False,False,,,0.001865,
tourist_departures,monthly,log,continuity,36,1,36,30,-0.537134,0.083608,-1.213103,0.138836,0.538447,False,True,,,0.001865,
tourist_departures,monthly,log,continuity,60,0,60,55,-0.430112,0.077519,-1.987101,1.126877,1.429482,False,True,,,0.001865,
tourist_departures,monthly,log,continuity,60,1,60,54,-0.42773,0.089974,-2.128347,1.272887,1.552623,False,True,,,0.001865,
tourist_departures,monthly,log,randomisation,6,0,6,4,,,,,,False,False,0.004762,0.004761904761904762,0.001865,
tourist_departures,monthly,log,randomisation,12,0,12,7,,,,,,False,False,5e-05,1.9845995078193222e-05,0.001865,
tourist_entries,monthly,log,continuity,6,0,6,4,-0.629947,0.068572,-0.765095,-0.494799,0.007252,True,False,,,0.001152,
tourist_entries,monthly,log,continuity,6,1,0,0,,,,,,False,False,,,0.001152,"bandwidth 6 leaves 4 residual degrees of freedom (8 observations, 4 parameters); too few to fit"
tourist_entries,monthly,log,continuity,12,0,12,7,-0.557158,0.045418,-0.660638,-0.453677,0.027922,True,False,,,0.001152,
tourist_entries,monthly,log,continuity,12,1,12,6,-0.545616,0.067355,-0.692874,-0.398357,0.034085,True,False,,,0.001152,
tourist_entries,monthly,log,continuity,24,0,24,14,-0.604617,0.063884,-0.8134,-0.395834,0.103703,True,False,,,0.001152,
tourist_entries,monthly,log,continuity,24,1,24,13,-0.568449,0.072646,-0.806484,-0.330414,0.118543,True,False,,,0.001152,
tourist_entries,monthly,log,continuity,36,0,36,26,-0.506775,0.09039,-0.92349,-0.09006,0.268038,True,False,,,0.001152,
tourist_entries,monthly,log,continuity,36,1,36,25,-0.446839,0.094335,-0.905687,0.01201,0.303681,False,False,,,0.001152,
tourist_entries,monthly,log,continuity,60,0,60,50,-0.357892,0.124334,-1.416553,0.70077,0.854151,False,True,,,0.001152,
tourist_entries,monthly,log,continuity,60,1,60,49,-0.28875,0.118261,-1.42046,0.842959,0.937188,False,True,,,0.001152,
tourist_entries,monthly,log,randomisation,6,0,6,4,,,,,,False,False,0.004762,0.004761904761904762,0.001152,
tourist_entries,monthly,log,randomisation,12,0,12,7,,,,,,False,False,0.00025,1.9845995078193222e-05,0.001152,
