wave,product_ar,product_fr,expenditure_pc_national,spatial_gini
2005,آلة تسخين (بالكهرباء ،بالغاز ،أو البترول(,,1.254,0.113747
2005,آلة غسل المالبس,,1.54,0.25244
2005,أثاث األسرة و المفروشات,,33.506,0.198184
2005,أثاث كامل آخر(بيت جلوس ،جرايات و(...,,2.763,0.268218
2005,أدوات التزويق,,0.839,0.235269
2005,أدوات الصيانة الشخصية,,2.868,0.306951
2005,أدوات المطبخ,"VERRERIE, VAISSELLE  ET USTENSILES DE CUISINE",8.176,0.112875
2005,أدوات طبية,,1.743,0.161205
2005,أدوية,,39.791,0.117093
2005,أرز,,2.584,0.148269
2005,ألعاب,JEUX DE LOISIRS,1.812,0.330593
2005,ألعاب ومشاهد و عروض,,4.421,0.337482
2005,أنواعأخرىمنالخبز(المبسس،خبزطابونة(...,,2.739,0.5145
2005,إجاص,,2.502,0.127473
2005,األجبان,,5.727,0.328629
2005,األحذية و أغطية القدم (جلدية ،بالستيك(...,,44.337,0.141467
2005,األسماك المصبرة,,2.814,0.246332
2005,اإليجار واالستخالص الشهري و المعلوم البلدي,,153.902,0.202544
2005,االستخالص لقرض سكني,,31.911,0.260884
2005,االشتراكات المدرسية,,2.701,0.138344
2005,االشتراكات غير المدرسية,,4.33,0.390019
2005,اشتراكات في منظمات,,1.461,0.276147
2005,البقول الخضراء,,5.099,0.120577
2005,البقول الشائحة,,8.455,0.05284
2005,البقول المنفخة,,1.092,0.374115
2005,البناء,MACONNERIE,24.376,0.296793
2005,التجهيز الصحي,PLOMBERIE SANITAIRE,1.823,0.290305
2005,التجهيز و التركيب الكهربائي,INSTALLATION BRANCHEMENT ET ACCESSSOIRE ELECTRIQUES,1.956,0.145562
2005,الترفيه والثقافة,,102.014,0.164367
2005,التوابل الجافة والملح,,4.118,0.058122
2005,الحليب االصطناعي,,25.364,0.240123
2005,الحليب المجفف,,0.529,0.21969
2005,الحليب المركز,,0.326,0.352458
2005,الحليب و مشتقاته و البيض,"LAIT, PRODUITS LAITIERS ET OEUFS",72.603,0.140092
2005,الخضر الطازجة,,60.858,0.095907
2005,الخضر المصبرة,,25.225,0.0429
2005,الدهن و التبييض و صيانة األسطح,,9.126,0.23707
2005,الرعاية الشخصية,SOINS PERSONNELS,50.907,0.186738
2005,الرعاية الصحية و الشخصية,HYGIENE ET SOINS,188.246,0.14437
2005,الزيوت,HUILES,38.491,0.156376
2005,السكر,SUCRE,9.112,0.072414
2005,السمك الطازج,POISSONS FRAIS,20.788,0.332888
2005,الشعيرو مشتقاته,,1.218,0.214668
2005,الطماطم,,7.802,0.117795
2005,الغالل الجافة,,3.767,0.095609
2005,الفواكه بالحبوب,,20.413,0.109406
2005,الفواكه بالنواة,,4.696,0.11178
2005,القمح الصلب و مشتقاته,,33.44,0.193244
2005,القوارص,AGRUMES,8.75,0.129888
2005,المالبس و األحذية والمستلزمات الشخصية,,160.126,0.135717
2005,المالحف و األغطية و الستائر,,8.763,0.11249
2005,المشروبات و االستهالك الغذائي خارج البيت,,95.94,0.134429
2005,المعلوم البلدي السنوي,Taxes locatives annuelles,4.256,0.296221
2005,المنحة السياحية للسفر إلى الخارج,ALLOCATION TOURISTIQUE POUR VOYAGE A L’ETRANGER,8.292,0.186024
2005,المواد السكرية,,2.556,0.162313
2005,النفقات الكبرى لالقتناء وبناء مسكن,,52.902,0.313187
2005,النقل,,194.616,0.196974
2005,الياغورت,,14.939,0.191245
2005,بالكار,,1.306,0.47699
2005,بترول أزرق,,1.367,0.580649
2005,برتقال,Orange,6.279,0.134827
2005,بروكلو,Choux fleur,0.453,0.161881
2005,بسباس,Fenouil,0.923,0.221104
2005,بسكويت,,6.743,0.138758
2005,بصل,,7.093,0.103416
2005,بطاطا,Pomme de terre,12.511,0.081627
2005,بطيخ,Melon,1.984,0.158176
2005,بقول و توابل,"LEGUMINEUSES, SEL ET CONDIMENTS",19.276,0.074446
2005,بنزين مخلط للدراجات النارية,Essence mélangée pour cyclomoteur,4.26,0.399738
2005,بنك,Banc,2.822,0.462836
2005,بيت نوم,Chambre à coucher,4.492,0.151996
2005,بيض,Œufs,11.751,0.065139
2005,تأمين الدراجة النارية,Assurance de cyclomoteur,3.803,0.38039
2005,تأمين السيارة,Assurance auto,12.785,0.314342
2005,تابل و كروية,Tabel et  Carouia,1.913,0.114914
2005,تاكسي,Taxi,14.347,0.207014
2005,تبغ و نفة و معسل,TABAC ET NEFA,56.564,0.166042
2005,تجهيزات كهربائية و منزلية,APPAREILS MENAGERS ET ELECTROMENAGERS,14.102,0.124374
2005,تصليح وسيلة نقل,,15.553,0.292744
2005,تعليم السياقة,Frais d’Auto Ecole (ou camion école),2.136,0.260187
2005,تفاح,Pomme,4.001,0.147358
2005,تلفاز,Téléviseur,4.045,0.112196
2005,تن مصبّر,Thon en conserve,2.612,0.264428
2005,تين,,0.783,0.224034
2005,ثالجة أو مجمّد,,3.321,0.179508
2005,ثوم,,2.839,0.078691
2005,جلبانة خضراء,Petit pois vers,3.234,0.17286
2005,جهاز استقبال,,0.532,0.362321
2005,جوكينغ ،بدلة رياضية,,3.354,0.106334
2005,جيب ،جيب شورط,,3.417,0.133338
2005,حاسوب,Ordinateur personnel,2.57,0.212761
2005,حافلة (وسط المدن(,,12.43,0.349129
2005,حالقة,,11.699,0.241684
2005,حبوب أخرى,AUTRES CEREALES,3.096,0.147996
2005,حذاء رياضي (سبادري(,,9.335,0.220275
2005,حلوى,Bonbon,0.331,0.18283
2005,حلوى شامية,Halwa chamia,2.148,0.202043
2005,حلويات,,11.756,0.276693
2005,حليب طري,LAIT FRAIS,8.929,0.273957
2005,حمام ،دوش,,6.456,0.32315
2005,حمص شائح,Pois chiche sec,4.181,0.078382
2005,حمص ّ,,0.912,0.351598
2005,خاصة,,43.269,0.302554
2005,خبز سوق صغير,,2.336,0.64675
2005,خبز سوق كبير,,33.565,0.07021
2005,خدمات أخرى متعلقة بالسكن,AUTRES SERVICES LIES A L’HABITATION,12.199,0.463411
2005,خميرة (للخبز و المرطبات(,,0.809,0.267296
2005,خوخ,Pèche,2.457,0.121882
2005,دالع,,4.745,0.05368
2005,دقلة,Dattes degla,2.639,0.149078
2005,دوارة,,1.411,0.170891
2005,رمان,Grenade,0.979,0.090209
2005,روبة (أنسومبل) ،كسوة نسائية,,5.982,0.191611
2005,زبدة حيوانية,Beurre animal,1.35,0.38058
2005,زبدة نباتية (جديدة ،قولدينا(...,,2.253,0.142258
2005,زربية,Tapis,2.161,0.162343
2005,زكاة الفطر,Autres frais,1.232,0.184406
2005,زيت الزيتون,HUILES D’OLIVE,25.656,0.253864
2005,زيتون أخضر,,0.409,0.37488
2005,زيتون مملّح,Olive en conserve,0.583,0.494132
2005,زيوت نباتية,HUILES DE GRAINE VEGETALE,11.661,0.090742
2005,سالطة ،سكورية ،ليتو ،خس...,,1.356,0.389003
2005,سبناخ,Epinard,0.455,0.511378
2005,سجائر,,53.496,0.167929
2005,سردينة مصبّرة,Sardine en conserve,0.191,0.219489
2005,سروال دجين,Pantalon jean,17.486,0.103393
2005,سروال عادي,Pantalon en autre tissu pantacour,15.49,0.19325
2005,سرير ،مولة,,1.564,0.479149
2005,سفنارية (جزر(,,2.746,0.106551
2005,سلق,,1.933,0.142756
2005,سميد سوق,Semoule industrielle,17.319,0.32542
2005,سيارة أجرة (لواج) وحافلة بين المدن,,9.667,0.305411
2005,شالكة,,8.625,0.063538
2005,شاي,Thé préparé,6.853,0.140453
2005,شاي خارج البيت,,2.639,0.513453
2005,شراء الحلي والمجوهرات,,4.847,0.233107
2005,شراء بطاقات االنترنات,,1.19,0.461201
2005,شراء بطاقات تمويل الهاتف الجوال,Carte de recharge pour téléphone portable,42.875,0.164726
2005,شراء بطاقات تمويل الهاتف القار,Carte de recharge pour téléphone fixe,7.463,0.28468
2005,شراء بطاقات تمويل الهاتف واالنترنات,,51.529,0.1816
2005,شراء دراجة نارية,Achat de cyclomoteur - motocyclette,1.395,0.415404
2005,شراء سيارة,Achat de voiture,38.853,0.222622
2005,شراء مستلزمات الترفيه,,11.618,0.113478
2005,شراء وسيلة نقل خاصة,ACHAT DE MOYEN DE TRANSPORT PRIVE,41.457,0.217921
2005,شكالطة (طوابع ،غبرة ،شوكولين(...,,1.437,0.257008
2005,شمبوان,,7.21,0.188464
2005,شورط (تبان(,,1.035,0.156658
2005,صابون الصيانة الشخصية,Savon de toilette,1.683,0.257546
2005,صابون الغسل,Savon de ménage,3.265,0.174426
2005,صحف و مجالت,,3.574,0.316294
2005,صحن تونسي -كفتاجي -لبالبي,,2.37,0.30218
2005,صندال,Sandales,1.305,0.131002
2005,صور باألشعة و تحاليل طبية,,7.518,0.202157
2005,صيانة وسيلة نقل,ENTRETIEN DE MOYEN DE TRANSPORT PRIVE,3.794,0.30216
2005,ط َفل,,0.064,0.281721
2005,طائرة,,6.439,0.192892
2005,طماطم مصبّرة,,15.602,0.037134
2005,عالجوإقامةعمليةجراحيةفيمؤسسةاستشفائية,,11.244,0.139412
2005,عجين غذائي (مقرونة ،شربة( ...,,10.321,0.037375
2005,عدس شائح,Lentilles sèches,0.804,0.327646
2005,عسل النحل,Miel d’abeille,1.004,0.21386
2005,عسل و أغذية سكريّة,MIEL ET AUTRES PRODUITS SUCRES,2.876,0.193643
2005,عصير غالل (قارورة  ،باكوات(,,2.171,0.432552
2005,عطورات,Eau de Cologne eau de toilette parfum after shave…,10.153,0.280073
2005,عنب,Raisin de table,2.812,0.11414
2005,عوينة,Prune,0.385,0.126986
2005,غاز قارورة,Gaz en bouteille,18.901,0.070161
2005,غسل و تشحيم و تبديل زيت السيارة,Vidange lavage et graissage de voiture,2.847,0.299611
2005,فاتورة الغاز,,0.152,0.262709
2005,فاتورة الكهرباء,,45.539,0.20279
2005,فاتورة الماء,Dépense d’eau courante SONEDE,18.78,0.198465
2005,فاتورة الهاتف القار,Facture téléphone fixe,5.986,0.25636
2005,فارينة,,2.374,0.173798
2005,فحم و حطب,,2.073,0.148828
2005,فراولو,Fraise,1.246,0.282764
2005,فقوس,Concombre,1.729,0.183515
2005,فلفل أحمر,,6.287,0.11894
2005,فلفل أخضر,,10.966,0.119758
2005,فلفل أكحل,,0.511,0.244825
2005,فواكه أخرى,AUTRES FRUITS,4.655,0.230612
2005,فواكه ّ,,2.411,0.18492
2005,فول شائح,Fève sèche,1.201,0.222854
2005,فيستة ،بلوزون,,2.131,0.17755
2005,قارص,Citron,0.818,0.145474
2005,قاعة أكل,,0.892,0.24702
2005,قاعة استقبال,Salon,4.138,0.191257
2005,قرع أحمر,,1.638,0.210449
2005,قرع بوطزينة,Courgette,0.625,0.257872
2005,قرنيط ،سوبية ،مطيق,,1.328,0.559555
2005,قريزيل,,1.066,0.270373
2005,قطار,Train,1.646,0.262268
2005,قمح صلب ّ,,2.012,0.550065
2005,قميص,Chemise ou chemisier,7.547,0.186792
2005,قنارية,Artichaut,0.88,0.478197
2005,قهوة بن,,6.067,0.23099
2005,قهوة خارج البيت,,18.564,0.225797
2005,كالفس,,0.442,0.335667
2005,كبدة,FOIE ET VISCERES,0.459,0.293538
2005,كتب بمناسبة العودة المدرسية,Livres pour rentrée scolaire,5.049,0.077352
2005,كتب غير مدرسية,Livres non scolaires,1.199,0.490424
2005,كراسات و أدوات بمناسبة العودة المدرسية,,6.055,0.103192
2005,كرسي,Chaise chaise longue,0.968,0.196072
2005,كركم,Korkom,0.364,0.295981
2005,كرمب,Choux,0.724,0.172537
2005,كسكروت,,11.761,0.211949
2005,كسكسي,,2.773,0.181293
2005,كسوة,Costume,4.719,0.155152
2005,كليمنتين,Clémentine (mandarine),1.531,0.280253
2005,كمّون,Cumin (camoun),0.229,0.347855
2005,لبن طري,PETIT LAIT FRAIS,1.189,0.235797
2005,لحم الجمل,,0.799,0.670653
2005,لحم برشني,VIANDE DE CAPRIN,5.747,0.660651
2005,لحم بقري,VIANDE BOVINE,20.427,0.274302
2005,لحم دجاج,,25.113,0.092825
2005,لحم ديك رومي,,3.093,0.270903
2005,لحم علوش,VIANDE OVINE,75.251,0.073864
2005,لحم مفروم و مرقاز و «سالمي«,,2.088,0.543975
2005,لحوم و دواجن,,135.099,0.075468
2005,لفت,Navet,1.159,0.090378
2005,لوز أخضر,,0.408,0.241695
2005,مأكوالت خارج البيت,,20.815,0.199289
2005,ماء جافال,,3.964,0.186302
2005,ماء معدني,Eau minérale,2.84,0.347301
2005,مالبس خارجية أخرى,,20.749,0.13277
2005,مالبس خارجية أساسية,,63.384,0.1169
2005,مالبس خارجية أساسية و تقليدية,,4.127,0.292529
2005,مالبس خارجية للرضع,,0.894,0.362747
2005,مالبس داخلية,,13.213,0.205022
2005,مالبسداخليةسفلىومالبسداخليةلالستحمام,,2.076,0.248307
2005,مترو,,1.354,0.560859
2005,مجموع األسماك,,25.674,0.328707
2005,مجموع الحبوب,,101.376,0.044461
2005,مجموع الخضر,,86.088,0.080135
2005,مجموع السكر والمواد السكرية,,15.413,0.074635
2005,مجموع الغالل,,44.704,0.104077
2005,مجموع المواد الغذائية,,634.664,0.089257
2005,مجموع النفقات اإلدارية,,1.716,0.294146
2005,مجموع معاليم الهاتف القار والهاتف الجوال,,13.886,0.115963
2005,محروقات التنوير والطبخ و التدفئة,"COMBUSTIBLES DECLAIRAGE, PREPARATION ET CHAUFFFAGE",22.574,0.08354
2005,محروقات للسيارات,,38.299,0.34282
2005,محفظة بمناسبة العودة المدرسية,Cartable pour rentrée scolaire,1.688,0.132287
2005,مرطبات خارج البيت,,2.626,0.22079
2005,مريول خلعة,Tricots de corps,0.593,0.150422
2005,مريول صوف ،جيلية صوف,,8.109,0.16201
2005,مريول قطن,Tee shirt sweat shirts,6.286,0.308495
2005,مستلزمات شخصية,EFFETS PERSONNELS,8.307,0.287074
2005,مستلزمات لتغطية الرأس,COUVRE CHEFS,2.859,0.191097
2005,مشاهد,SPECTACLES,1.318,0.477642
2005,مشتقات القمح اللين,,41.054,0.12301
2005,مشروب غازي خارج البيت,,3.144,0.297491
2005,مشروبات باردة متناولة خارج البيت,,4.201,0.237907
2005,مشروبات ساخنة متناولة خارج البيت,,21.218,0.17327
2005,مشروبات غازية,Boisson gazeuse,12.684,0.105778
2005,مشروبات غير كحولية متناولة في البيت,BOISSONS NON ALCOOLISEES CONSOMMEES  A DOMICILE,18.857,0.149137
2005,مشروبات كحولية متناولة خارج البيت,,4.166,0.293675
2005,مشماش,Abricot,1.064,0.053383
2005,معاليم وسيلة نقل خاصة,CHARGE DE MOYEN DE TRANSORT PRIVE,23.391,0.257358
2005,معجون أسنان,,3.685,0.187708
2005,معجون الحالقة,,0.849,0.255683
2005,معجون الغالل,,0.864,0.217693
2005,معدنوس,Persil,2.537,0.131495
2005,معطف ،كاب,,4.772,0.169937
2005,معلوم اإليجار االفتراضي,,82.672,0.09317
2005,معلوم اإليجار الفعلي,,34.012,0.402607
2005,معلوم االشتراك في خط هاتف جوال,,0.889,0.07324
2005,معلوم الجوالن و األداء,,5.544,0.284904
2005,معلوم الدراسة (للمدارس الحرة(,,3.656,0.29242
2005,معلوم المراقبة الفنّية,,1.003,0.286915
2005,معلوم دروس خصوصية و ساعات التدارك,Frais pour  leçon particulières et études,16.091,0.238962
2005,معلوم روضة أطفال,,4.372,0.334023
2005,معلوم شراء جهاز هاتف جوّال,,6.764,0.100554
2005,مكتبة,Bibliothèque,1.504,0.214726
2005,مكيف هواء,Climatiseur,3.536,0.306365
2005,ملح,Sel,0.491,0.155605
2005,ملوخية مرحية,Mloukhia en poudre,0.338,0.186705
2005,منديلة (ميدعة(,,1.433,0.121947
2005,منضدة ،مائدة,,3.794,0.190151
2005,مواد أخرى مشتقة من الحبوب,AUTRES PRODUITS A BASE DE  CEREALES,21.386,0.200967
2005,مواد التنظيف,PRODUITS ET ARTICLES  DE NETOYAGE ET D'ENTRETIEN,25.062,0.160193
2005,مواد تجميل,Produits de maquillage (rouge à lèvre fond de teint acétone manucure démaquillant…),2.564,0.472302
2005,مواد تنظيف (أومو ،نظيف ،دينول(,,13.982,0.172958
2005,مواد صيدلية أخرى,AUTRES PRODUITS PHARMACEUTIQUES,8.178,0.192052
2005,موز,Banane,4.121,0.245183
2005,نعل (صباط(,,22.325,0.172176
2005,نفقات أخرى,AUTRES DEPENSES,9.057,0.191491
2005,نفقات استثنائية لجراحة و تركيب األسنان,,0.837,0.138152
2005,نفقات استثنائية للتصوير,DEPENSES EXCEPTIONNELLES DE RADIO,1.474,0.182895
2005,نفقات التعليم المدرسي,ENSEIGNEMENT SCOLAIRE,39.011,0.126135
2005,نفقات التكوين المهني,FRAIS  DE FORMATION PROFESSIONNELLE,2.672,0.254392
2005,نفقات الخياطة و مستلزماتها,FRAIS DE COUTURE ET MERCERIE,3.461,0.488007
2005,نفقات الدراسة والتعليم,,50.185,0.164639
2005,نفقات السكن,"DEPENSES LOGEMENT, EAU, GAZ, ELECTRICITE ET AUTRES COMBUSTIBLES",414.308,0.159554
2005,نفقات الصيانة و تصليح السكن,DEPENSE D’ENTRETIEN ET DE REPARATION DU LOGEMENT,53.046,0.194095
2005,نفقات الطاقة للمسكن,DEPENSES D’ENERGIE POUR LE LOGMENT PRINCIPAL,66.379,0.186331
2005,نفقات الطاقة و المحروقات,DEPENSES D’ENERGIE ET DE COMBUSTIBLES,88.956,0.134824
2005,نفقات العدول ونفقات القضأيا والمحاكم,,0.553,0.396683
2005,نفقات العطل خارج النزل,,4.684,0.34788
2005,نفقات العطل في النزل,Frais d’hôtel (hébergement restauration loisirs…),1.617,0.49151
2005,نفقات العطل والخالعة والمنحة السياحية,,14.597,0.254028
2005,نفقات المناسبات العائلية,FRAIS POUR CEREMONIES FAMILIALES,6.34,0.178196
2005,نفقات المواصالت,,67.339,0.167019
2005,نفقات النقل الخاص,,128.562,0.255329
2005,نفقات النقل العمومي,DEPENSES DE TRANSPORT EN COMMUN,66.054,0.09676
2005,نفقات الهاتف العمومي,,1.372,0.272856
2005,نفقات الوالدة,,1.793,0.32424
2005,نفقات بناء مسكن,Dépense pour construction de logement,33.391,0.471652
2005,نفقات تعليم أخرى,AUTRES ENSEIGNEMENTS,2.679,0.253837
2005,نفقات ثقافية,,8.377,0.208188
2005,نفقات شراء أرض لبناء مسكن,,8.168,0.375709
2005,نفقات شراء الماء (صهريج ،قرباجي(...,,1.907,0.511308
2005,نفقات شراء مسكن,Achat de logement,11.343,0.67649
2005,نفقات عالج أمراض مزمنة,,16.677,0.147602
2005,نفقات عالج و جراحة األسنان,,1.506,0.312353
2005,نفقات لفحوصات األطباء,,21.188,0.150257
2005,نفقات معاليم ما قبل الدراسة,ENSEIGNEMENT PRESCOLAIRE,5.819,0.354968
2005,نفقات نجارة و بلور و مواد حديدية,,3.146,0.219966
2005,نفقات نقل غير دورية,,51.239,0.065587
2005,نقل ريفي,Transport rural,10.81,0.357062
2005,هريسة,,2.183,0.157207
2005,هندي,Figue de barbarie,1.155,0.356693
2005,هوائي,,0.629,0.195006
2010,"""لحم مفروم و مرقاز و ""سالمي",,2.741,0.468084
2010,(...األحذية و أغطية القدم (جلدية ،بالستيك,,57.701,0.111428
2010,(...شكالطة (طوابع ،غبرة ،شوكولين,,1.766,0.233238
2010,(آلة تسخين (بالكهرباء ،بالغاز ،أو البترول,,0.579,0.422379
2010,(بن مستحضرة سريعة الذوبان (نسكافي,,3.271,0.377427
2010,(شاي جاف أسود (حشيشة,,6.359,0.194074
2010,(شورط (تبان,,1.166,0.134512
2010,(عصير غالل (قارورة  ،باكوات,,5.473,0.333033
2010,(منديلة (ميدعة,,1.726,0.10597
2010,آلة غسل المالبس,,1.385,0.183884
2010,أثاث األسرة,,40.389,0.162466
2010,أثاث األسرة و المفروشات,,40.389,0.162466
2010,أثاث كامل آخر(بيت جلوس ،جرايات و,,3.402,0.234151
2010,أدوات التزويق,,3.415,0.24793
2010,أدوات الصيانة الشخصية,,2.98,0.192257
2010,أدوات المطبخ,"VERRERIE, VAISSELLE  ET USTENSILES DE CUISINE",9.568,0.185178
2010,أدوات طبية,,2.222,0.390894
2010,أدوية و مواد صيدلية أخرى,,60.853,0.145934
2010,أرز,,4.975,0.121949
2010,أكلة في مطعم,,5.732,0.394441
2010,ألعاب ومشاهد,,5.245,0.306328
2010,أوراق البسباس األخضر,,0.226,0.623075
2010,إجاص,,3.691,0.12487
2010,األجبان,,8.12,0.326491
2010,األحذية وأغطية القدم (جلدية ،قماش)...,,57.701,0.111428
2010,األقمشة و الصوف,,2.185,0.343356
2010,األقمشة والصوف,,2.185,0.343356
2010,االتصاالت,,140.862,0.17569
2010,االستخالص لقرض سكني,,25.326,0.271407
2010,االشتراكات المدرسية,,4.639,0.134256
2010,االشتراكات غير المدرسية,,16.257,0.288797
2010,االيجار واالستخالص والمعلوم البلدي,,397.562,0.25138
2010,ادوات أخرى,,5.825,0.159764
2010,ارجنتيار,,0.546,0.157647
2010,البقول الخضراء,,6.298,0.16892
2010,البقول الشائحة,,10.198,0.055002
2010,البقول المصبرة,,0.332,0.378247
2010,البقول المنفخة,,1.699,0.382455
2010,البناء,MACONNERIE,20.414,0.193555
2010,التجهيز الصحي,PLOMBERIE SANITAIRE,2.922,0.195835
2010,التجهيز و التركيب الكهربائي,INSTALLATION BRANCHEMENT ET ACCESSSOIRE ELECTRIQUES,2.149,0.126344
2010,الترفيه,,16.96,0.230929
2010,الترفيه والثقافة,,35.531,0.240173
2010,التعليم,ENSEIGNEMENT,53.964,0.171258
2010,التغذية,,763.489,0.092201
2010,التوابل الجافة,,4.662,0.11958
2010,الحليب االصطناعي,,41.021,0.194473
2010,الحليب المجفف,,1.347,0.272313
2010,الحليب المركز,,0.209,0.376274
2010,الحليب و مشتقاته و البيض,"LAIT, PRODUITS LAITIERS ET OEUFS",105.809,0.135858
2010,الخضر الطازجة,,75.394,0.08178
2010,الخضر المصبرة,,33.069,0.044232
2010,الدهن و التبييض و صيانة األسطح,,9.978,0.257277
2010,الرعاية الشخصية,SOINS PERSONNELS,83.255,0.193932
2010,الرعاية الصحية و الشخصية,HYGIENE ET SOINS,227.522,0.141902
2010,الرعاية الصحية والشخصية,,227.522,0.141902
2010,الزيوت,HUILES,48.922,0.119248
2010,السكر,SUCRE,13.586,0.096086
2010,السمك الطازج,POISSONS FRAIS,27.122,0.345794
2010,الطماطم,,10.417,0.083044
2010,الغالل الجافة,,4.908,0.149185
2010,الفواكه بالحبوب,,31.594,0.076488
2010,الفواكه بالنواة,,6.0,0.102188
2010,القمح الصلب و مشتقاته,,29.3,0.093514
2010,القوارص,AGRUMES,10.838,0.102941
2010,المالبس,,224.481,0.121518
2010,المالبس واألحذية والمستلزمات الشخصية,,224.481,0.121518
2010,المالحف و األغطية و الستائر,,12.023,0.123782
2010,المالحف واألغطية والستائر,,57.324,0.249647
2010,المحروقات,,25.903,0.1069
2010,المشروبات و مأكوالت جاهزة,,61.85,0.162993
2010,المشروبات واالستهالك الغذائي خارج المنزل,,61.85,0.162993
2010,المطاعم,,30.423,0.28689
2010,المعلوم البلدي السنوي,Taxes locatives annuelles,5.71,0.289381
2010,المنحة السياحية,,4.919,0.476153
2010,المنحة السياحية ونفقات سياحية أخرى,,6.324,0.431035
2010,المواد السكرية,,4.282,0.220611
2010,النزل,,2.349,0.454817
2010,النزل و المطاعم و المقاهي,,84.618,0.264175
2010,النفقات الكبرى لالقتناء وبناء مسكن,,12.023,0.123782
2010,النقل,,233.473,0.215353
2010,النقل الخاص,,141.917,0.299521
2010,النقل العمومي,,91.526,0.105467
2010,الياغورت,,22.687,0.164582
2010,ايجار,,2.259,0.477377
2010,باذنجان,,0.158,0.447858
2010,بالكار,,0.68,0.511999
2010,بترول أزرق,,0.127,0.47291
2010,برتقال,Orange,6.873,0.103182
2010,بروكلو,Choux fleur,0.474,0.241903
2010,بسباس,Fenouil,1.133,0.244696
2010,بسكويت,,9.784,0.144845
2010,بسيسة,Bsissa,0.618,0.370119
2010,بصل أخضر,,4.21,0.066858
2010,بصل شائح,Oignon sec,3.697,0.092687
2010,بطاطا,Pomme de terre,15.804,0.066462
2010,بطاقات تمويل الهاتف الجوال,,37.49,0.217991
2010,بطاقات تمويل الهاتف القار,,0.781,0.422107
2010,بطيخ,Melon,4.107,0.11603
2010,بقول و توابل,"LEGUMINEUSES, SEL ET CONDIMENTS",24.281,0.083507
2010,بنزين للسيارات,Essence pour véhicule,38.02,0.344992
2010,بنك,Banc,1.764,0.454788
2010,بوصاع,,0.177,0.462231
2010,بوفريوة ،فستق,,1.044,0.236569
2010,بيت نوم,Chambre à coucher,4.861,0.22592
2010,بيزا محمولة,,0.313,0.617162
2010,بيض,Œufs,16.264,0.104605
2010,تأمين الدراجة النارية,Assurance de cyclomoteur,1.493,0.403546
2010,تأمين السيارة,Assurance auto,2.935,0.359305
2010,تابل,Tabel,0.677,0.171761
2010,تابل و كروية,Tabel et  Carouia,1.556,0.272897
2010,تاكسي,Taxi,7.363,0.313212
2010,تبغ,,70.246,0.145485
2010,تجهيزات التكييف,,5.422,0.23855
2010,تجهيزات المطبخ,APPAREILS DE CUISINE,1.857,0.141103
2010,تجهيزات كهربائية,,15.293,0.171417
2010,تجهيزات كهربائية و منزلية والتاثيث,,116.708,0.119825
2010,تجهيزات كهربائية ومنزلية,,15.293,0.171417
2010,تصليح وسيلة نقل خاصة,,20.912,0.236941
2010,تعليم أو تكوين آخر,,1.678,0.364102
2010,تعليم السياقة,Frais d’Auto Ecole (ou camion école),1.082,0.361391
2010,تفاح,Pomme,8.326,0.140746
2010,تكوين مهني,,1.824,0.224991
2010,تلفاز,Téléviseur,5.788,0.256858
2010,تن مصبّر,Thon en conserve,3.495,0.227679
2010,توابل أخرى,,0.354,0.448095
2010,توابل خضراء,,0.273,0.218034
2010,ثالجة أو مجمّد,,4.565,0.216563
2010,ثوم أخضر,,0.403,0.370411
2010,ثوم شائح,Ail sec,4.802,0.147597
2010,جرائد و مجالت,,3.32,0.418248
2010,جرائد و مجالت وانخراطات,,6.361,0.3629
2010,جراية,,1.05,0.378859
2010,جلبانة خضراء,Petit pois vers,4.332,0.235563
2010,جوارب,,1.608,0.139201
2010,جوكينغ ،بدلة رياضية,,4.725,0.131182
2010,جيب ،جيب شورط,,4.655,0.132701
2010,حاسوب,Ordinateur personnel,7.374,0.232462
2010,حافلة (وسط المدن قطاع خاص),,0.293,0.55397
2010,حافلة (وسط المدن قطاع عام),,8.254,0.291882
2010,حالقة,,18.263,0.211844
2010,حبوب أخرى,AUTRES CEREALES,5.481,0.128528
2010,حذاء رياضي (سبادري),Espadrilles,7.787,0.145018
2010,حضانة,,2.191,0.380423
2010,حقيبة يدوية,,5.161,0.381559
2010,حلوى,Bonbon,0.584,0.188086
2010,حلوى شامية,Halwa chamia,3.364,0.283677
2010,حلويات سوق,,14.651,0.278721
2010,حليب طري,LAIT FRAIS,8.661,0.360371
2010,حمام,,8.913,0.328165
2010,حمص شائح,Pois chiche sec,5.012,0.11999
2010,خدمات أخرى متعلقة بالسكن,AUTRES SERVICES LIES A L’HABITATION,17.77,0.521199
2010,خدمات الطهي,,0.14,0.659886
2010,خدمات شبه طبية,,11.515,0.151084
2010,خميرة (للخبز و المرطبات),,1.223,0.315174
2010,خوخ,Pèche,3.7,0.131924
2010,دالع,,5.438,0.079263
2010,دجاج,,43.493,0.104742
2010,دجاجة محمولة,Poulet à emporter,0.695,0.391521
2010,دقلة,Dattes degla,3.414,0.184089
2010,دواجن,,50.74,0.126844
2010,ديك رومي,Dindon vif,6.716,0.313225
2010,رحالت,,0.095,0.462816
2010,رمان,Grenade,0.971,0.180775
2010,روبة (أنسومبل) ،كسوة نسائية,,9.974,0.210576
2010,زبدة حيوانية,Beurre animal,1.609,0.481581
2010,زبدة نباتية (جديدة ،قولدينا)...,,3.442,0.280566
2010,زبيب,,0.431,0.462353
2010,زربية,Tapis,3.324,0.141953
2010,زقوقو,Zgougou,1.065,0.232706
2010,زكاة الفطر,Autres frais,1.053,0.189589
2010,زيت الحبوب الطبيعية,,18.582,0.057216
2010,زيت الزيتون,HUILES D’OLIVE,30.298,0.218311
2010,زيت عباد الشمس,Huile de tournesol,0.342,0.404637
2010,زيت قطانيا,Huile de maïs,4.111,0.367011
2010,زيت نباتي مدعم,,13.865,0.12555
2010,زيتون أخضر,,0.344,0.386461
2010,زيتون مملّح,Olive en conserve,1.077,0.492912
2010,ساعة يدوية,Montre,1.682,0.373782
2010,سالطة ،سكورية ،ليتو ،خس...,,1.603,0.359718
2010,سبتة ،حزام,,0.82,0.158237
2010,سبناخ,Epinard,0.573,0.562585
2010,سجائر,,69.329,0.151845
2010,سردينة مصبّرة,Sardine en conserve,0.422,0.697832
2010,سروال دجين,Pantalon jean,30.829,0.07745
2010,سروال عادي,Pantalon en autre tissu pantacour,15.777,0.272795
2010,سرير ،مولة,,2.011,0.224326
2010,سفنارية (جزر),carotte,3.175,0.110085
2010,سلق,,1.911,0.145614
2010,سمك مجفف,POISSON  SECHES,0.433,0.730908
2010,سميد سوق,Semoule industrielle,11.477,0.184773
2010,سيارة أجرة (لواج) وحافلة بين المدن,,15.827,0.304893
2010,شالكة,,12.189,0.088896
2010,شاي أخضر,,0.988,0.568468
2010,شاي خارج البيت,,1.598,0.193304
2010,شحن الهاتف الجوال,Recharge téléphone portable (Tunisiana light TTcach),74.842,0.13999
2010,شحن الهاتف القار,Recharge téléphone fixe (TTcach),0.435,0.313575
2010,شراء الحلي والمجوهرات,,6.094,0.307834
2010,شراء دراجة نارية,Achat de cyclomoteur - motocyclette,1.939,0.442388
2010,شراء سيارة,Achat de voiture,35.382,0.395245
2010,شراء قطع الغيار,Achat de pièce de rechange,2.084,0.400211
2010,شراء مستلزمات الترفيه,,14.857,0.235575
2010,شراء وسيلة نقل,,37.5,0.387913
2010,شمبوان,,10.823,0.1295
2010,شوينقوم,,0.259,0.270054
2010,شيشة في المقهى,Chiche au café,2.495,0.391648
2010,صابون الصيانة الشخصية,Savon de toilette,2.213,0.256828
2010,صابون الغسل,Savon de ménage,4.118,0.145794
2010,صحفة أو كسكروت لبالبي,,0.303,0.520683
2010,صحن أو كسكروت كفتاجي,,2.822,0.448918
2010,صحن تونسي,Plat tunisien,0.334,0.311888
2010,صندال,Sandales,3.144,0.13574
2010,صيانة تجهيزات التكييف,,0.623,0.420058
2010,صيانة وسيلة نقل خاصة,,7.434,0.32815
2010,ط َفل,,3.249,0.335198
2010,طماطم مصبّرة,,19.911,0.032035
2010,طواقم,SERVICES,3.742,0.250759
2010,عجين غذائي (مقرونة ،شربة)...,,12.352,0.071542
2010,عدس شائح,Lentilles sèches,1.042,0.201042
2010,عسل النحل,Miel d’abeille,1.335,0.163264
2010,عسل و أغذية سكريّة,MIEL ET AUTRES PRODUITS SUCRES,4.106,0.205717
2010,عصير غالل (قارورة  ،باكوات,,1.534,0.437461
2010,عطورات,Eau de Cologne eau de toilette parfum after shave…,17.666,0.251641
2010,علف للدواب الجارة,,1.768,0.727149
2010,عنب,Raisin de table,4.695,0.069094
2010,عوينة,Prune,0.653,0.120323
2010,غاز قارورة,Gaz en bouteille,23.185,0.106436
2010,غاز للسيارات,,10.343,0.404802
2010,غالل البحر,,0.517,0.5218
2010,غسل و تشحيم الدراجة النارية,Lavage et entretien de cyclomoteur,0.424,0.548077
2010,غسل و تشحيم و تبديل زيت السيارة,Vidange lavage et graissage de voiture,2.783,0.27998
2010,فاتورة الكهرباء والغاز,,71.42,0.1857
2010,فاتورة الماء,Dépense d’eau courante SONEDE,22.996,0.202125
2010,فاتورة الهاتف الجوال,Facture téléphone portable,0.618,0.511016
2010,فاتورة الهاتف القار,Facture téléphone fixe,4.289,0.353472
2010,فارينة,,2.823,0.195225
2010,فحم,Charbon de bois,2.026,0.182217
2010,فراولو,Fraise,1.815,0.282243
2010,فقوس,Concombre,2.537,0.098198
2010,فلفل أحمر شائح قرون,,1.329,0.30428
2010,فلفل أحمر مرحي,,6.034,0.131005
2010,فلفل أخضر,,14.338,0.128207
2010,فلفل أكحل,,0.531,0.274337
2010,فواكه أخرى,AUTRES FRUITS,6.923,0.190568
2010,فواكه جافةّ,,2.752,0.190016
2010,فول أخضر,,1.633,0.155569
2010,فول شائح,Fève sèche,1.242,0.240792
2010,فيستة ،بلوزون,,2.727,0.199841
2010,قارص,Citron,1.016,0.209251
2010,قاعة أكل,,1.115,0.205469
2010,قاعة استقبال,Salon,6.744,0.241847
2010,قرع أحمر,,2.032,0.18425
2010,قرع بوطزينة,Courgette,0.641,0.298402
2010,قرنيط ،سوبية ،مطيق,,1.182,0.556069
2010,قريزيل,,1.623,0.189814
2010,قطار,Train,10.876,0.217666
2010,قمح صلب ّ,,1.502,0.510134
2010,قميص,Chemise ou chemisier,10.573,0.156331
2010,قنارية,Artichaut,1.034,0.555209
2010,قهوة خارج البيت,,27.694,0.197421
2010,كالفس,,0.459,0.297231
2010,كبدة,FOIE ET VISCERES,0.414,0.137007
2010,كتب بمناسبة العودة المدرسية,Livres pour rentrée scolaire,6.329,0.030095
2010,كتب غير مدرسية,Livres non scolaires,0.603,0.282085
2010,كراسات و أدوات بمناسبة العودة المدرسية,,6.506,0.101461
2010,كرسي,Chaise chaise longue,1.872,0.262096
2010,كرشة و دوّ ارة,,1.559,0.24663
2010,كركم,Korkom,0.663,0.320588
2010,كرمب,Choux,0.561,0.166854
2010,كرموس,figue,1.046,0.128402
2010,كروية,Carouia,0.204,0.369068
2010,كسكروت تن أو سردينة,,11.527,0.227339
2010,كسكروت معجون أو زبدة أو جبن,,0.286,0.487056
2010,كسكروت هريسة,,0.875,0.347006
2010,كسكسي,,4.122,0.255691
2010,كسوة,Costume,4.987,0.253625
2010,كمّون,Cumin (camoun),0.239,0.352859
2010,لبلح,,0.122,0.702702
2010,لبن طري,PETIT LAIT FRAIS,2.31,0.200613
2010,لحم الجمل,,0.382,0.65818
2010,لحم برشني,VIANDE DE CAPRIN,5.884,0.698266
2010,لحم بقري,VIANDE BOVINE,18.303,0.246823
2010,لحم علوش,VIANDE OVINE,98.035,0.07151
2010,لحوم و دواجن,,178.099,0.083367
2010,لعب أطفال,,1.094,0.228399
2010,لفت,Navet,1.105,0.168064
2010,لوازم أخرى,,1.773,0.330736
2010,لوازم تجميل,,0.452,0.394211
2010,لوبيا,,2.594,0.201784
2010,لوز,,1.025,0.236489
2010,لوز أخضر,,0.515,0.204521
2010,مأكوالت جاهزة,,13.556,0.305641
2010,ماء جافال),,6.24,0.088719
2010,ماء معدني,Eau minérale,6.645,0.430177
2010,مازوط للسيارات,Gasoil pour véhicule,6.107,0.42002
2010,مالبس خارجية أخرى,,41.301,0.129466
2010,مالبس خارجية أساسية تقليدية,,5.782,0.358794
2010,مالبس خارجية أساسية عصرية,,82.04,0.112029
2010,مالبس خارجية أساسية و تقليدية,,5.782,0.358794
2010,مالبس خارجية أساسية و عصرية,,82.04,0.112029
2010,مالبس خارجية للرضع,,1.359,0.259117
2010,مالبس داخلية,,15.572,0.182557
2010,مالبس داخلية بدون تمييز,,5.536,0.328056
2010,مالبس داخلية عليا,,2.085,0.412426
2010,مالبس عصرية أخرى,,2.643,0.434904
2010,ماندرين,,2.71,0.266962
2010,مبيد حشري,,0.566,0.251462
2010,مترو,,2.384,0.578934
2010,مثلجات,,0.679,0.40063
2010,مجموع األسماك,,33.239,0.328268
2010,مجموع األسماك المصبرة,,3.97,0.246117
2010,مجموع الحبوب,,116.702,0.088421
2010,مجموع الخضر,,108.462,0.06987
2010,مجموع الزيوت,,48.922,0.119248
2010,مجموع السكر والمواد السكرية,,23.098,0.078946
2010,مجموع الشعير ومشتقاته,,1.664,0.186838
2010,مجموع الغالل,,63.027,0.083068
2010,مجموع المشروبات الطبيعية,,15.367,0.056524
2010,مجموع المواد الغذائية,,763.489,0.092201
2010,محروقات للسيارات بدون تمييز,,6.22,0.474358
2010,محروقات وسيلة نقل خاصة,,62.576,0.295552
2010,محفظة بمناسبة العودة المدرسية,Cartable pour rentrée scolaire,2.184,0.158902
2010,مريول خلعة,Tricots de corps,0.752,0.210704
2010,مريول صوف ،جيلية صوف,,15.086,0.32766
2010,مريول قطن,Tee shirt sweat shirts,4.906,0.485327
2010,مستلزمات شخصية,EFFETS PERSONNELS,11.32,0.280696
2010,مستلزمات لتغطية الرأس,COUVRE CHEFS,6.042,0.15093
2010,مشتقات أخرى,,5.188,0.307622
2010,مشتقات القمح اللين,,47.496,0.143267
2010,مشروبات أخرى),,0.337,0.556499
2010,مشروبات باردة,BOISSONS FRAICHES CONSOMMEES  HORS DOMICILE,6.073,0.298644
2010,مشروبات ساخنة,BOISSONS CHAUDES,29.356,0.196886
2010,مشروبات غازية,Boisson gazeuse,17.834,0.061174
2010,مشروبات غير غازية,,0.421,0.608729
2010,مشروبات غير كحولية متناولة في البيت,BOISSONS NON ALCOOLISEES CONSOMMEES  A DOMICILE,31.663,0.17432
2010,مشروبات كحولية,BOISSONS ALCOOLISEES,2.929,0.367512
2010,مشروبات كحولية و تبغ,,73.274,0.145171
2010,مشروبات معطرة,,0.955,0.445347
2010,مشماش,Abricot,0.978,0.112278
2010,معاليم أخرى,,2.351,0.483072
2010,معاليم األنترنات,,11.966,0.251108
2010,معاليم متعلقة بوسيلة النقل,,11.825,0.257485
2010,معجون أسنان,,4.614,0.103115
2010,معجون الحالقة,,1.1,0.169604
2010,معجون الغالل,,1.113,0.245732
2010,معدنوس,Persil,2.696,0.080921
2010,معسل,,0.139,0.193942
2010,معطف ،كاب,,7.557,0.102886
2010,معلوم اإليجار االفتراضي,,322.369,0.229915
2010,معلوم اإليجار الفعلي,,44.155,0.405175
2010,معلوم الجوالن و األداء,,6.039,0.285212
2010,معلوم الدراسة (للمدارس الحرة,,5.408,0.405732
2010,معلوم المراقبة الفنّية,,1.345,0.302989
2010,معلوم دروس خصوصية و ساعات التدارك,Frais pour  leçon particulières et études,16.692,0.26121
2010,معلوم شراء جهاز هاتف جوّ ال أو قار,,7.495,0.11316
2010,مكتبة,Bibliothèque,0.702,0.28265
2010,مكسرات,,1.076,0.280586
2010,مكيف هواء,Climatiseur,4.083,0.228137
2010,ملح,Sel,0.597,0.113443
2010,ملسوقة,,2.212,0.099635
2010,ملوخية مرحية,Mloukhia en poudre,0.418,0.217815
2010,مناسبات عائلية,,6.628,0.297066
2010,منضدة ،مائدة)...,,5.246,0.120679
2010,منظمات,,1.505,0.415402
2010,مواد أخرى,AUTRES ARTICLES D’HABILLEMENT,1.773,0.330736
2010,مواد أخرى مشتقة من الحبوب,AUTRES PRODUITS A BASE DE  CEREALES,29.802,0.192766
2010,مواد اخرى,,1.516,0.212966
2010,مواد التنظيف,PRODUITS ET ARTICLES  DE NETOYAGE ET D'ENTRETIEN,39.184,0.125599
2010,مواد تجميل,Produits de maquillage (rouge à lèvre fond de teint acétone manucure démaquillant…),3.931,0.351838
2010,مواد تجميل أخرى,,7.48,0.364778
2010,مواد تجميل والزينة,,29.555,0.282905
2010,مواد تنظيف (أومو ،نظيف ،دينول,,21.884,0.141519
2010,مواد صيدلية (أدوية)...,,60.853,0.145934
2010,مواد مدرسية أخرى,,1.124,0.095922
2010,موالح,,0.618,0.44464
2010,موز,Banane,6.303,0.199591
2010,نعل (صباط),Souliers,31.938,0.167776
2010,نفة,Nefa,0.593,0.481535
2010,نفقات أخرى,AUTRES DEPENSES,11.853,0.219556
2010,نفقات إدارية,DEPENSES ADMINISTRATIVES,2.248,0.322203
2010,نفقات اخرى,,1.666,0.266963
2010,نفقات استثنائية لجراحة و تركيب األسنان,,1.156,0.206742
2010,نفقات استثنائية للتصوير,DEPENSES EXCEPTIONNELLES DE RADIO,2.101,0.254985
2010,نفقات الترفيه و الثقافة,LOISIRS ET CULTURE,35.531,0.240173
2010,نفقات التنظيف,DEPENSE D’HYGIENE,53.671,0.165201
2010,نفقات الحراسة و اإليواء وتعمير,,3.221,0.431125
2010,نفقات الخياطة و مستلزماتها,FRAIS DE COUTURE ET MERCERIE,0.765,0.261593
2010,نفقات الخياطة ومستلزماتها,,0.765,0.261593
2010,نفقات الدراسة,,43.228,0.162235
2010,نفقات الدراسة و التعليم,,53.964,0.171258
2010,نفقات السفر للخارج,,2.21,0.33389
2010,نفقات السكن,"DEPENSES LOGEMENT, EAU, GAZ, ELECTRICITE ET AUTRES COMBUSTIBLES",635.008,0.206213
2010,نفقات الصيانة الشخصية,PRODUITS DE TOILETTE ET AUTRES FRAIS DE SOINS PERSONNELS,53.671,0.165201
2010,نفقات الصيانة و تصليح السكن,DEPENSE D’ENTRETIEN ET DE REPARATION DU LOGEMENT,56.7,0.22221
2010,نفقات الصيانة وتصليح السكن,,56.7,0.22221
2010,نفقات الطاقة,,97.147,0.170279
2010,نفقات الطاقة والمحروقات,,123.395,0.119057
2010,نفقات الطاقة والمحروقات للمسكن,,123.395,0.119057
2010,نفقات العطل خارج النزل,,7.596,0.350179
2010,نفقات المبيت),,1.724,0.380833
2010,نفقات الوالدة,,1.87,0.286047
2010,نفقات اليد العاملة,Main d’œuvre,0.595,0.396372
2010,نفقات بناء مسكن,Dépense pour construction de logement,41.944,0.28591
2010,نفقات تصليح غير مبوّبة,Frais de réparation non ventilés (frais de dépannage…),18.232,0.257532
2010,نفقات رياض األطفال,,4.831,0.273972
2010,نفقات شراء أرض لبناء مسكن,,7.521,0.468711
2010,نفقات شراء الماء (صهريج ،قرباجي)...,,3.015,0.53961
2010,نفقات شراء مسكن,Achat de logement,7.859,0.452447
2010,نفقات صيانة أدوات الترفيه,,2.094,0.202344
2010,نفقات طبية استثنائية,SOINS MEDICAUX EXCEPTIONNELS,42.082,0.184936
2010,نفقات طبية عادية,SOINS MEDICAUX COURANTS,39.067,0.174226
2010,نفقات عالج أمراض مزمنة,,24.464,0.269741
2010,نفقات عالج و جراحة األسنان,,1.641,0.452471
2010,نفقات غير دورية,DEPENSES DE TRANSPORT NON REGULIERS,68.408,0.075216
2010,نفقات لفحوصات األطباء,,25.749,0.171821
2010,نفقات معاليم االتصال,,119.05,0.173755
2010,نفقات معاليم ما قبل الدراسة,ENSEIGNEMENT PRESCOLAIRE,7.053,0.292368
2010,نفقات نجارة و بلور و مواد حديدية,,2.59,0.234187
2010,نفقات نقل بضائع والحمالة,,0.647,0.638359
2010,نقل ريفي,Transport rural,22.737,0.109289
2010,"هريسة ""دياري"" ،فلفل معجون",,1.094,0.502467
2010,هريسة صناعيّة حكة أو صبة,,2.671,0.121042
2010,هندي,Figue de barbarie,1.184,0.278546
2010,ّ,,1.164,0.384338
2015,آالت تسخين و تكييف الهواء,,4.703,0.263547
2015,آلة غسل المالبس,,1.918,0.237121
2015,أثاث األسرة,,37.626,0.149838
2015,أدوات المطبخ,"VERRERIE, VAISSELLE  ET USTENSILES DE CUISINE",10.428,0.12736
2015,أرجنتيار ،بوفاي,,0.809,0.195504
2015,أرز,,6.962,0.097965
2015,أسماك,POISSONS,51.161,0.315049
2015,أسماك مصبّرة,POISSON EN CONSERVE,6.425,0.248468
2015,أغطية,COUVERTURE,4.496,0.111307
2015,أكلة في مطعم,,13.717,0.483141
2015,ألعاب,JEUX DE LOISIRS,2.752,0.217192
2015,إجاص,,3.313,0.116788
2015,األدويـة,,76.783,0.077209
2015,األقمشة و الصوف,,0.949,0.442321
2015,االتصاالت,,171.424,0.146152
2015,االشتراكات المدرسية,,1.923,0.181147
2015,االشتراكات غير المدرسية,,2.333,0.417318
2015,البناء,MACONNERIE,32.879,0.176554
2015,التجهيز الصحي,PLOMBERIE SANITAIRE,4.067,0.197228
2015,التجهيز و التركيب الكهربائي,INSTALLATION BRANCHEMENT ET ACCESSSOIRE ELECTRIQUES,1.95,0.217285
2015,التعليم,ENSEIGNEMENT,83.689,0.280728
2015,التنظيف بالشائح و الصبيغة,Nettoyage à sec teinturerie,0.195,0.391635
2015,الحبوب,CEREALES,149.192,0.065438
2015,الحليب و مشتقاته و البيض,"LAIT, PRODUITS LAITIERS ET OEUFS",162.297,0.117674
2015,الخضر,,159.462,0.069779
2015,الدهن و التبييض و صيانة األسطح,,16.014,0.214018
2015,الدواجن,,83.715,0.11063
2015,الرحالت,,0.405,0.471091
2015,الرعاية الشخصية,SOINS PERSONNELS,148.879,0.178915
2015,الرعاية الصحية و الشخصية,HYGIENE ET SOINS,362.89,0.119294
2015,الزيوت,HUILES,70.392,0.137425
2015,السكر,SUCRE,13.639,0.076404
2015,السكر والمواد السكرية,,27.258,0.105652
2015,السمك الطازج,POISSONS FRAIS,41.399,0.330805
2015,الفعلي اإليجار معلوم,,78.843,0.438237
2015,القوارص,AGRUMES,17.23,0.115395
2015,الكتب والصحف والرحالت,,5.316,0.403722
2015,المالبس و األحذية والمستلزمات الشخصية,,292.842,0.131363
2015,المالحف و األغطية و الستائر,,13.845,0.112327
2015,المدرسية     العودة   بمناسبة محفظة,,3.987,0.117765
2015,المدن بين  وحافلة (لواج) سيارة أجرة,,14.853,0.213469
2015,المعلوم البلدي السنوي,Taxes locatives annuelles,4.945,0.337727
2015,المنحة السياحية للسفر إلى الخارج,ALLOCATION TOURISTIQUE POUR VOYAGE A L’ETRANGER,12.147,0.454091
2015,المهني   نفقات التكوين,,1.636,0.198815
2015,النجارة و البلور و المواد الحديدية,MENUISERIE VITRERIE ET QUINCAILLERIE,3.593,0.215637
2015,النفقات الكبرى لالقتناء وبناء مسكن,,168.927,0.268344
2015,النقل و المواصالت,,359.617,0.201043
2015,بالكار,,1.214,0.291111
2015,بترول أزرق (قاز),,0.128,0.458502
2015,برتقال,Orange,11.759,0.09293
2015,برغل,Borghol,0.204,0.491171
2015,بروكلو,Choux fleur,0.748,0.130897
2015,بسباس,Fenouil,1.545,0.183052
2015,بسكويت,,18.656,0.110005
2015,بسيسة,Bsissa,1.085,0.252166
2015,بصل أخضر,,6.457,0.081248
2015,بصل شائح,Oignon sec,5.947,0.136764
2015,بطاطا,Pomme de terre,21.973,0.058585
2015,بطيخ,Melon,6.735,0.132975
2015,بقول خضراء,LEGUMINEUSES VERTES,7.122,0.133924
2015,بقول شائحة,LEGUMINEUSES SECHES,16.623,0.0479
2015,بقول مصبّرة,LEGUMINEUSES EN CONSERVES,0.507,0.566337
2015,بقول و توابل,"LEGUMINEUSES, SEL ET CONDIMENTS",34.838,0.07162
2015,بقول ّ,,1.324,0.319731
2015,بن صافية (كعب أو مدشّشة أو مرحيّة),,5.996,0.134817
2015,بن مخلطة (مدشّشة أو مرحيّة),,1.611,0.225748
2015,بندق ،فزدق ،بوفريوة ،جوزة,,1.482,0.281732
2015,بنزين للسيارات,Essence pour véhicule,76.608,0.361011
2015,بنزين مخلط للدراجات النارية,Essence mélangée pour cyclomoteur,9.777,0.38151
2015,بنك,Banc,0.851,0.274471
2015,بيت نوم,Chambre à coucher,5.946,0.27756
2015,بيجاما,Pyjama robe de chambre,2.923,0.172281
2015,بيض,Œufs,25.974,0.082454
2015,تأمين الدراجة النارية,Assurance de cyclomoteur,1.816,0.235091
2015,تأمين السيارة,Assurance auto,24.993,0.328677
2015,تابل,Tabel,1.373,0.256542
2015,تابل و كروية,Tabel et  Carouia,2.324,0.257829
2015,تاكسي,Taxi,33.728,0.217771
2015,تبغ و نفة و معسل,TABAC ET NEFA,96.176,0.114347
2015,تجهيزات المطبخ,APPAREILS DE CUISINE,2.159,0.18777
2015,تجهيزات كهربائية للمنزلية,,11.354,0.148241
2015,تجهيزات كهربائية و منزلية,APPAREILS MENAGERS ET ELECTROMENAGERS,18.249,0.180542
2015,تصليح وسيلة نقل,,25.232,0.301871
2015,تعليم السياقة,Frais d’Auto Ecole (ou camion école),2.511,0.290233
2015,تفاح,Pomme,8.59,0.086423
2015,تلفاز,Téléviseur,8.521,0.210824
2015,تمر,Dattes communes,4.773,0.175064
2015,تن مصبّر,Thon en conserve,6.098,0.252955
2015,توابل طازجة (خضراء),CONDIMENTS VERTS,0.326,0.286507
2015,توابل ّ,,8.39,0.106542
2015,ثالجة أو مجمّد,,4.753,0.176273
2015,ثوم أخضر,,0.711,0.221158
2015,ثوم شائح,Ail sec,4.488,0.106378
2015,"جال دوش ،كريم مرطب,,,",,4.955,0.315205
2015,جبة,Jebba,3.803,0.261959
2015,جبن,FROMAGE,16.258,0.308171
2015,جلبانة خضراء,Petit pois vers,5.083,0.164522
2015,جوارب ،جوارب شفافة (كولون),,2.424,0.166898
2015,جوزة ،بوفريوة ،فسدق ،بندق,,1.003,0.272178
2015,جوكينغ ،بدلة رياضية,,11.227,0.135031
2015,جيب ،جيب شورط,,3.862,0.13878
2015,حاسوب,Ordinateur personnel,5.214,0.2122
2015,حالقة,,25.09,0.174661
2015,حبوب أخرى,AUTRES CEREALES,7.792,0.112608
2015,حذاء رياضي (سبادري),Espadrilles,14.18,0.14721
2015,حشايا (جراية),Matelas,3.396,0.191363
2015,حصارة ،سوتيان ،قان,,0.891,0.184415
2015,حلوى,Bonbon,0.615,0.136281
2015,حلوى شامية,Halwa chamia,4.054,0.184139
2015,حلويات سوق,,19.959,0.24398
2015,حليب صناعي,LAIT INDUSTRIEL,57.199,0.124923
2015,حليب طري,LAIT FRAIS,6.569,0.344017
2015,حليب مجفف,LAIT EN POUDRE,1.862,0.223055
2015,حليب مركّز,LAIT CONCENTRE,0.362,0.330782
2015,حمام ،دوش,,7.743,0.342587
2015,حمص شائح,Pois chiche sec,7.435,0.047167
2015,حمص ّ,,1.021,0.298155
2015,خدمات أخرى متعلقة بالسكن,AUTRES SERVICES LIES A L’HABITATION,33.015,0.445921
2015,خدمات الطهي,,1.933,0.250313
2015,خرقة ،فانتوز ،أكياس الفواضل,,3.461,0.200959
2015,خضر مصبّرة,,53.55,0.06164
2015,خميرة (للخبز و المرطبات),,1.256,0.242162
2015,خوخ,Pèche,6.613,0.107998
2015,دالع,,9.517,0.088337
2015,دجاج,,73.465,0.08608
2015,دجاجة محمولة متناولة بالبيت,,0.687,0.23597
2015,دقلة,Dattes degla,2.482,0.302415
2015,ديك رومي,Dindon vif,10.25,0.315414
2015,رمان,Grenade,1.677,0.102166
2015,روبة (أنسومبل) ،كسوة نسائية,,13.346,0.199902
2015,زبدة حيوانية,Beurre animal,2.375,0.575025
2015,زبدة نباتية (جديدة ،قولدينا)...,,4.255,0.107928
2015,زربية,Tapis,4.209,0.087337
2015,زعتر كليل ،حبة حالوة ،راس حانوت)...,,0.536,0.246148
2015,زقوقو,Zgougou,1.476,0.187832
2015,زيت الزيتون,HUILES D’OLIVE,44.106,0.251829
2015,زيت عباد الشمس,Huile de tournesol,0.701,0.522415
2015,زيت قطانيا,Huile de maïs,10.67,0.338747
2015,زيت نباتي مدعّم (لإلستهالك األسري),,13.654,0.155322
2015,زيتون مملّح,Olive en conserve,1.436,0.321995
2015,"زيوت أخرى (سوجا),,,",,0.761,0.82825
2015,زيوت نباتية,HUILES DE GRAINE VEGETALE,26.286,0.101675
2015,ساعة يدوية,Montre,4.592,0.433243
2015,سالطة (سكورية ،ليتو ،خس)...,,2.338,0.265393
2015,سبناخ,Epinard,0.764,0.46756
2015,سجائر,,94.279,0.12109
2015,سردينة مصبّرة,Sardine en conserve,0.301,0.240281
2015,سروال دجين,Pantalon jean,38.681,0.11807
2015,سروال عادي,Pantalon en autre tissu pantacour,18.906,0.196947
2015,سرير ،مولة,,0.739,0.270657
2015,سفنارية (جزر),carotte,4.481,0.094039
2015,سلق ،خبّيزة,,2.782,0.087479
2015,سميد سوق,Semoule industrielle,15.381,0.327744
2015,شالكة,,15.903,0.057601
2015,شاي,Thé préparé,1.794,0.192182
2015,شاي أخضر,,1.565,0.505704
2015,شاي جاف أسود (حشيشة),,7.827,0.261843
2015,شحن الهاتف الجوال,Recharge téléphone portable (Tunisiana light TTcach),75.147,0.0584
2015,شحن الهاتف القار,Recharge téléphone fixe (TTcach),0.163,0.50035
2015,شراء أدوات و مواد ترفيه,ACHAT D’ARTICLE DE LOISIRS,15.566,0.207523
2015,شراء الحلي و المجوهرات,ACHAT DE BIJOUX PRECIEUX,4.165,0.238465
2015,شراء بطاقات تمويل الهاتف الجوال,Carte de recharge pour téléphone portable,54.2,0.234341
2015,شراء بطاقات تمويل الهاتف القار,Carte de recharge pour téléphone fixe,0.462,0.476763
2015,شراء دراجة نارية,Achat de cyclomoteur - motocyclette,3.919,0.3247
2015,شراء سيارة,Achat de voiture,76.603,0.339718
2015,شراء قطع الغيار,Achat de pièce de rechange,2.193,0.335759
2015,شراء و صيانة وسيلة نقل خاصة,,258.788,0.252968
2015,شراء وسيلة نقل خاصة,ACHAT DE MOYEN DE TRANSPORT PRIVE,80.775,0.329374
2015,شعير ومشتقاته,ORGE ET DERIVES,2.123,0.164249
2015,شكالطة (طوابع ،غبرة ،شوكولين)...,,3.542,0.304326
2015,شمبوانَ ،,,14.541,0.213211
2015,شورط (تبان),Short,2.776,0.158075
2015,شوينقوم (شيكلي ) ،لوبان,,0.217,0.238043
2015,شيشة في المقهى,Chiche au café,3.187,0.289613
2015,صابون الغسل,Savon de ménage,5.456,0.121455
2015,صحن أو كسكروت كفتاجي,,3.203,0.429533
2015,صندال,Sandales,5.721,0.208167
2015,صيانة وسيلة نقل,ENTRETIEN DE MOYEN DE TRANSPORT PRIVE,8.71,0.299804
2015,طماطم خضراء,Tomates fraîches,14.771,0.086516
2015,طماطم صناعية حكة أو صبة,,31.795,0.05034
2015,طواقم,SERVICES,2.229,0.13613
2015,عالج و إقامة عملية جراحية,,21.51,0.10287
2015,عجين غذائي (مقرونة ،شربة)...,,15.11,0.054199
2015,عدس شائح,Lentilles sèches,1.84,0.212675
2015,عسل النحل,Miel d’abeille,1.664,0.169203
2015,عسل و أغذية سكريّة,MIEL ET AUTRES PRODUITS SUCRES,6.752,0.237258
2015,عصير غالل,,3.523,0.292779
2015,عصير غالل (قارورة  ،باكوات)...,,12.224,0.231162
2015,عطورات,Eau de Cologne eau de toilette parfum after shave…,53.812,0.220192
2015,عنب,Raisin de table,8.069,0.089961
2015,عوينة,Prune,0.916,0.101368
2015,غاز قارورة,Gaz en bouteille,22.63,0.131391
2015,غالل ّ,,9.219,0.069859
2015,غسل و تشحيم الدراجة النارية,Lavage et entretien de cyclomoteur,0.368,0.41693
2015,غسل و تشحيم و تبديل زيت السيارة,Vidange lavage et graissage de voiture,4.263,0.335852
2015,فاتورة الكهرباء و الغاز الطبيعي,Dépense d’électricité et de gaz de ville STEG,127.191,0.159092
2015,فاتورة الماء,Dépense d’eau courante SONEDE,34.673,0.139669
2015,فاتورة الهاتف الجوال,Facture téléphone portable,1.426,0.361636
2015,فاتورة الهاتف القار,Facture téléphone fixe,4.247,0.273286
2015,فارينة,,2.96,0.16716
2015,فحم,Charbon de bois,1.8,0.170468
2015,فراولو,Fraise,3.63,0.160965
2015,فرن كهربائي  -ميكروأوند,,0.772,0.232734
2015,فقوس,Concombre,3.349,0.155828
2015,فلفل أحمر شائح قرون,,2.128,0.273999
2015,فلفل أحمر مرحي,,9.319,0.129448
2015,فلفل أخضر,,20.88,0.131653
2015,فلفل أكحل,,1.375,0.305089
2015,فواتير وبطاقات تمويل الهاتف القار والجوال,FACTURE ET CARTE DE RECHARGE POUR TELEPHONE FIXE ET PORTABLE,136.457,0.123997
2015,فواكه أخرى,AUTRES FRUITS,11.529,0.187428
2015,فواكه بالحبوب,FRUITS A PEPINS,45.21,0.083534
2015,فواكه بالنواة,FRUITS A NOYAUX,10.083,0.081423
2015,فواكه ّ,,3.709,0.198953
2015,فول أخضر,,1.706,0.183655
2015,فول شائح,Fève sèche,1.474,0.282851
2015,فيستة ،بلوزون,,5.762,0.167953
2015,قارص,Citron,1.429,0.115073
2015,قاعة أكل,,1.554,0.272345
2015,قاعة استقبال,Salon,8.907,0.265066
2015,قرع أحمر,,2.688,0.210623
2015,قرع بوطزينة,Courgette,0.787,0.309663
2015,قرنيط ،سوبية ،مطيق,,1.967,0.502752
2015,قطار,Train,1.258,0.348165
2015,قفطان,Koftane,3.403,0.240786
2015,قلوب عبادة و قرع,Graines de tournesol et de courge,0.942,0.298677
2015,قماش التأثيث و الستائر,AMEUBLEMENT ET RIDEAUX,5.965,0.15364
2015,قمح صلب حب,Blé dur en grain,0.813,0.488838
2015,قمح صلب حبّ,BLE DUR ET DERIVES,35.631,0.154758
2015,قمح لين ومشتقاته,BLE TENDRE ET DERIVES,57.369,0.126945
2015,قميص,Chemise ou chemisier,17.905,0.217924
2015,قنارية,Artichaut,1.381,0.447851
2015,قهوة,Café préparé,54.722,0.18827
2015,كالفس,,0.668,0.269968
2015,كبدة,FOIE ET VISCERES,0.794,0.358374
2015,كتب بمناسبة العودة المدرسية,Livres pour rentrée scolaire,5.942,0.029341
2015,كتب غير مدرسية,Livres non scolaires,0.805,0.37912
2015,كرسي,Chaise chaise longue,0.908,0.176299
2015,كرشة و دوّارة,TRIPES,1.473,0.21528
2015,كركم,Korkom,1.332,0.179994
2015,كرمب,Choux,0.76,0.172076
2015,كرموس,figue,1.828,0.128043
2015,كروية,Carouia,0.392,0.314556
2015,كسكروت تن أو سردينة,,16.317,0.290768
2015,كسكسي,,4.045,0.212374
2015,كسوة,Costume,6.584,0.245757
2015,كليمنتين,Clémentine (mandarine),3.725,0.281309
2015,كمّون,Cumin (camoun),0.413,0.320574
2015,لبن طري,PETIT LAIT FRAIS,3.449,0.239775
2015,لحم برشني,VIANDE DE CAPRIN,6.375,0.730521
2015,لحم بقري,VIANDE BOVINE,32.548,0.246097
2015,لحم جمل,VIANDE DE CHAMEAU,0.662,0.705851
2015,لحم علوش,VIANDE OVINE,132.091,0.088111
2015,"لحم مفروم و مرقاز و ""سالمي""",,4.403,0.506179
2015,لحوم و دواجن,,262.738,0.084713
2015,لعب لألطفال,,1.519,0.232133
2015,لفت,Navet,1.699,0.132037
2015,للبياتة) (بالنسبة   معلوم المبيت,,1.295,0.261492
2015,لوبية شائحة,Haricot sec,5.204,0.166681
2015,لوز مقشّر,,0.836,0.270636
2015,لوز مقلي ،أكاجو,,0.602,0.398733
2015,مأكوالت جاهزة متناولة بالبيت,,1.627,0.302575
2015,مأكوالت في مطعم,,52.045,0.284335
2015,ماء جافال,,11.207,0.115265
2015,ماء معدني,Eau minérale,15.177,0.42339
2015,مازوط للسيارات,Gasoil pour véhicule,12.002,0.140791
2015,مالبس خارجية أخرى,,55.205,0.11309
2015,مالبس خارجية أخرى (جبة نساء)...,,8.535,0.187366
2015,مالبس خارجية أساسية و تقليدية,,9.021,0.0913
2015,مالبس خارجية أساسية و عصرية,,112.725,0.142821
2015,مالبس داخلية,,23.118,0.212655
2015,مالبس داخلية بدون تمييز,,3.273,0.246561
2015,مالبس عصرية أخرى أساسية,,4.365,0.560513
2015,مالحف و مناشف,,3.384,0.225351
2015,مبرّدات (قالس ،ثالجة ،جيرفاي)...,,1.148,0.214498
2015,مترو -حافلة ومترو,,2.081,0.515373
2015,محروقات التنوير والطبخ و التدفئة,"COMBUSTIBLES DECLAIRAGE, PREPARATION ET CHAUFFFAGE",24.908,0.135509
2015,محروقات وسيلة نقل خاصّة,CARBURANT ET FONCTIONNEMENT DE MOYEN DE TRANSPORT PRIVE,104.732,0.282709
2015,مريول خلعة,Tricots de corps,1.703,0.184749
2015,مريول صوف ،جيلية صوف,,12.561,0.316598
2015,مريول قطن,Tee shirt sweat shirts,13.542,0.351175
2015,مستلزمات شخصية,EFFETS PERSONNELS,13.131,0.294438
2015,مستلزمات لتغطية الرأس,COUVRE CHEFS,6.69,0.08796
2015,مستلزمات و نفقات الصيانة و التصليح,,2.941,0.134924
2015,مشاهد,SPECTACLES,0.768,0.523865
2015,مشروب غازي,Boisson gazeuse,6.718,0.225738
2015,مشروبات باردة,BOISSONS FRAICHES CONSOMMEES  HORS DOMICILE,16.028,0.244084
2015,مشروبات ساخنة,BOISSONS CHAUDES,56.64,0.187323
2015,مشروبات طبيعية,BOISSONS EN NATURE,22.561,0.03486
2015,مشروبات غازية,Boisson gazeuse,24.975,0.146225
2015,مشروبات غير كحولية متناولة في البيت,BOISSONS NON ALCOOLISEES CONSOMMEES  A DOMICILE,54.397,0.199968
2015,مشروبات كحولية,BOISSONS ALCOOLISEES,6.234,0.366394
2015,مشروبات كحولية ،تبغ و نفة,,102.41,0.115944
2015,مشماش,Abricot,1.633,0.091155
2015,معاليم وسيلة نقل خاصة,CHARGE DE MOYEN DE TRANSORT PRIVE,36.283,0.287567
2015,معجون أسنان,,5.573,0.140333
2015,معجون غالل,,1.914,0.255286
2015,معدنوس,Persil,4.466,0.049459
2015,معسل,,0.769,0.440982
2015,معطف ،كاب,,16.087,0.152642
2015,معلوم اإليجار االفتراضي,,493.205,0.172426
2015,معلوم الجوالن و األداء,,7.632,0.247816
2015,معلوم الحضانة المدرسية,Frais Garderie Scolaire,3.115,0.49056
2015,معلوم المحضنة,Frais de crèche,2.459,0.306323
2015,معلوم المراقبة الفنّية,,1.836,0.195156
2015,معلوم روضة أطفال,,10.473,0.330672
2015,مكتبة,Bibliothèque,0.66,0.264457
2015,مكسرات وحبوب أخرى,NOIX ET AUTRES,3.058,0.260804
2015,ملح,Sel,0.421,0.143396
2015,ملسوقة ،بريك,,3.199,0.111985
2015,ملوخية مرحية,Mloukhia en poudre,0.627,0.241129
2015,منتوجات بحريّة أخرى,AUTRES PRODUITS DE MER,0.961,0.471411
2015,منديلة (ميدعة),Tablier,2.356,0.085427
2015,منضدة ،مائدة,,1.885,0.209516
2015,مواد أخرى مشتقة من الحبوب,AUTRES PRODUITS A BASE DE  CEREALES,46.277,0.163155
2015,مواد أخرى مشتقة من الحليب,AUTRES PRODUITS LAITIERS,6.811,0.230995
2015,مواد التجميل و الزينة,PRODUITS DE BEAUTE,81.111,0.197062
2015,مواد التنظيف,PRODUITS ET ARTICLES  DE NETOYAGE ET D'ENTRETIEN,62.336,0.137346
2015,مواد تجميل,Produits de maquillage (rouge à lèvre fond de teint acétone manucure démaquillant…),11.701,0.197999
2015,مواد تنظيف (أومو ،نظيف ،دينول)...,,35.943,0.151028
2015,مواد سكريّة,PRODUITS SUCRES,4.953,0.162133
2015,مواد صيدلية,PRODUITS PHARMCEUTIQUES,96.181,0.078453
2015,مواد صيدلية أخرى,AUTRES PRODUITS PHARMACEUTIQUES,19.398,0.107684
2015,مواد غذائية و مشروبات غير كحولية,PRODUITS ALIMENTAIRES ET BOISSONS NON ALCOOLISEES,1117.654,0.096908
2015,موالح,,0.874,0.386351
2015,موز,Banane,10.809,0.190329
2015,نظارات شمسية,lunette solaire,1.528,0.375039
2015,نعل (صباط),Souliers,30.621,0.14496
2015,نفة,Nefa,0.835,0.586163
2015,نفقات أخرى,AUTRES DEPENSES,5.891,0.224562
2015,نفقات أخرى لصيانة المنزل,AUTRES DEPENSES D’ENTRETIEN,0.621,0.375899
2015,نفقات إدارية,DEPENSES ADMINISTRATIVES,0.809,0.2441
2015,نفقات األنترنات,,17.067,0.253307
2015,نفقات استثنائية للتصوير,DEPENSES EXCEPTIONNELLES DE RADIO,5.607,0.149874
2015,نفقات الترفيه,Loisirs,19.297,0.221043
2015,نفقات الترفيه و الثقافة,LOISIRS ET CULTURE,44.471,0.238407
2015,نفقات التعليم المدرسي,ENSEIGNEMENT SCOLAIRE,61.312,0.263312
2015,نفقات التنظيف,DEPENSE D’HYGIENE,62.702,0.137765
2015,نفقات الخياطة و مستلزماتها,FRAIS DE COUTURE ET MERCERIE,1.782,0.344509
2015,نفقات السكن,"DEPENSES LOGEMENT, EAU, GAZ, ELECTRICITE ET AUTRES COMBUSTIBLES",1030.411,0.190218
2015,نفقات الصيانة الشخصية,PRODUITS DE TOILETTE ET AUTRES FRAIS DE SOINS PERSONNELS,67.769,0.163635
2015,نفقات الصيانة و تصليح السكن,DEPENSE D’ENTRETIEN ET DE REPARATION DU LOGEMENT,92.14,0.19451
2015,نفقات الطاقة,,167.444,0.134022
2015,نفقات الطاقة والمحروقات,,192.352,0.103784
2015,نفقات العدول و نفقات القضايا و المحاكم,FRAIS DE NOTAIRE ET DEPENSES DE TRIBUNAUX,0.423,0.483154
2015,نفقات العطل في النزل,Frais d’hôtel (hébergement restauration loisirs…),6.275,0.51343
2015,نفقات العطل ما عدى النزل,VACANCES EN TUNISIE DANS UNE RESIDENCE AUTRE QU’HOTEL,10.214,0.303757
2015,نفقات النقل العمومي,DEPENSES DE TRANSPORT EN COMMUN,100.829,0.076653
2015,نفقات الوالدة,,2.669,0.288236
2015,نفقات اليد العاملة,Main d’œuvre,0.965,0.333551
2015,نفقات بناء مسكن,Dépense pour construction de logement,103.39,0.18752
2015,نفقات تصليح غير مبوّبة,Frais de réparation non ventilés (frais de dépannage…),6.198,0.323248
2015,نفقات تعليم أخرى,AUTRES ENSEIGNEMENTS,3.907,0.31954
2015,نفقات خدمات التنظيف,FRAIS D’ENTRETIEN ET D’HYGIENE,0.366,0.28095
2015,نفقات شراء أرض لبناء مسكن,,52.213,0.391155
2015,نفقات شراء الماء (صهريج ،قرباجي)...,,5.58,0.583061
2015,نفقات شراء وتجهيز الهاتف القار والجوال,ACHAT D'APPAREIL DE TELEPHONE (FIXE ET MOBILE),17.34,0.248193
2015,نفقات طبية استثنائية,SOINS MEDICAUX EXCEPTIONNELS,51.945,0.162526
2015,نفقات طبية عادية,SOINS MEDICAUX COURANTS,61.709,0.120084
2015,نفقات عالج أمراض مزمنة,,18.544,0.27644
2015,نفقات عالج و جراحة األسنان,,3.269,0.298551
2015,نفقات غير دورية,DEPENSES DE TRANSPORT NON REGULIERS,84.043,0.056248
2015,نفقات لفحوصات األطباء,,38.017,0.106174
2015,نفقات معاليم ما قبل الدراسة,ENSEIGNEMENT PRESCOLAIRE,16.834,0.356239
2015,نقل ريفي,Transport rural,23.498,0.307642
2015,"هريسة ""دياري"" ،فلفل معجون",,2.316,0.545174
2015,هريسة صناعيّة حكة أو صبة,,5.04,0.107101
2015,هندي,Figue de barbarie,1.396,0.261808
2015,هواء  مكيف,,2.824,0.313203
2015,ولتصليح آلالت التسخين ولتكييف,,0.614,0.32632
2015,ياغورت,YAOURT,43.449,0.112412
2021,آلات تسخين و تكييف الهواء,APPAREILS DE CHAUFFAGE ET DE CLIMATISATION,4.40329255,0.293345
2021,أثاث الأسرة,MEUBLES ET LITERIES,34.72369200600001,0.147752
2021,أثاث، تجهيزات كهربائية و منزلية وخدمات منزلية يومية,"MEUBLES, ARTICLES DE MENAGES ET ENTRETIEN COURANT DU FOYER",191.367485493,0.12493
2021,أدوات المطبخ,"VERRERIE, VAISSELLE  ET USTENSILES DE CUISINE",14.1820013,0.140081
2021,أسماك,POISSONS,68.36117956700001,0.304316
2021,أسماك مصبّرة,POISSON EN CONSERVE,12.288314460000002,0.242824
2021,أغطية,COUVERTURE,3.1053457499999997,0.135758
2021,أقمشة للملبس,Tissus pour habillement,1.328055242,0.182619
2021,ألعاب,JEUX DE LOISIRS,2.6541872399999997,0.247167
2021,"اثاث كامل اخر(بيت جلوس، جرايات و وسادات,,,)",Autres mobiliers complets,1.817333,0.281786
2021,اجاص,Poire,1.878844,0.128929
2021,"ادوات تنظيف (مكنسة، غولة، حكاكة، خرقة، فانتوز، اكياس الفواضل المنزلية,,,)",Articles d’hygiène (balai ventouse frottoir torchon brosse poubelle éponge sacs chiffon peau de chamois…),5.740617,0.311156
2021,ارجنتيار، بوفاي,Buffet argentière,0.25043139999999997,0.283032
2021,ارز حبّ باكوات,Riz en grain ; en paquet,7.830035,0.136386
2021,اسكالوب,Escalope de dinde,17.19369,0.335243
2021,اشتراكات في منظمات ثقافية  أو رياضية أو نقابية أو سياسية  أونادي ترفيهي,COTISATION DANS UNE ASSOCIATION CULTURELLE SPORTIVE SYNDICALE POLITIQUE OU CLUB DE LOISIRS,6.2914781699999995,0.276889
2021,اكلة في مطعم,Repas dans un restaurant,18.34096,0.519577
2021,الأحذية و أغطية القدم (جلدية، بلاستيك، قماش...),ARTICLES CHAUSSANTS,200.0985693897,0.141187
2021,الأدويــــــــة,MEDICAMENTS,173.079116,0.079193
2021,الأقمشة و الصوف,TISSUS D’HABILLEMENT ET ACHAT LAINE,1.330316495,0.182897
2021,الإيجار والاستخلاص الشهري و المعلوم البلدي,"LOYER, REMBOURSEMENT, TAXES ET CHARGES",835.3533842518,0.198474
2021,الاتصالات,TELECOMMUNICATIONS,223.8731880069,0.118207
2021,الاشتراكات المدرسية,ABONNEMENT SCOLAIRES,1.3246769000000003,0.275221
2021,الاشتراكات غير المدرسية,ABONNEMENT NON SCOLAIRES,2.27053937,0.26641
2021,البناء,MACONNERIE,43.648902,0.185331
2021,"الة تسخين (بالكهرباء، بالغاز، بالمازوط او البترول,,,)",Appareil de chauffage (électrique à pétrole à gaz à mazout…),0.7902886,0.219336
2021,الة غسل الملابس,Lave  linge – sèche linge,2.811831,0.178678
2021,التجهيز الصحي,PLOMBERIE SANITAIRE,6.444121600000001,0.175272
2021,التجهيز و التركيب الكهربائي,INSTALLATION BRANCHEMENT ET ACCESSSOIRE ELECTRIQUES,2.4318121,0.184189
2021,التعليم,ENSEIGNEMENT,81.201103732,0.241218
2021,التنظيف بالشائح و الصبيغة,Nettoyage à sec teinturerie,0.2161626,0.378548
2021,الحبوب,CEREALES,196.08763163999998,0.074678
2021,الحليب و مشتقاته و البيض,"LAIT, PRODUITS LAITIERS ET OEUFS",240.65701502899998,0.097986
2021,الخضر الطازجة,,164.91126871999998,0.133258
2021,الدهن و التبييض و صيانة الأسطح,PEINTURE BADIGEONNAGE ET ETANCHEITE,24.494292400000003,0.178994
2021,الرحلات,Excursion,0.3087935,0.508844
2021,الرعاية الشخصية,SOINS PERSONNELS,110.99382859999997,0.155844
2021,الرعاية الصحية و الشخصية,HYGIENE ET SOINS,609.0074500850001,0.063652
2021,الزيوت,HUILES,92.48318995999999,0.093718
2021,السكر,SUCRE,19.388643039999998,0.149981
2021,السكر و المواد السكريّة,SUCRE ET PRODUITS SUCRES,51.34332669999999,0.11989
2021,السمك الطازج,POISSONS FRAIS,50.51000870000001,0.318105
2021,الطيور و قنص الصيد,VOLAILLES ET GIBIERS,148.20955220999997,0.097332
2021,القوارص,AGRUMES,14.277125100000001,0.11157
2021,الكتب والصحف والرحلات,"Journaux, livres et excursions",7.298156389999999,0.286232
2021,المجموع,,5468.349587886399,0.113991
2021,المسكن الثانوي,LOGEMENT SECONDAIRE,0.0008942518,0.748474
2021,المسكن الرئيسي,LOGEMENT PRINCIPAL,835.35249,0.198474
2021,المشروبات غير الكحولية والأطعمة الجاهزة بالبيت,BOISSONS NON ALCOOLISEES ET PLATS CUISINES OU LIVRES A DOMICILE,137.29258036,0.178729
2021,المعلوم البلدي السنوي,Taxes locatives annuelles,6.37549,0.304462
2021,الملابس و الأحذية  والمستلزمات الشخصية,"HABILLEMENT, ARTICLES CHAUSSURES ET EFFETS PERSONNELS",634.8739804415001,0.118382
2021,الملاحف و الأغطية و الستائر,"LINGE DE MAISON, COUVERTURE ET TISSUE D’AMEUBLEMENT",15.57333045,0.142484
2021,المنحة السياحية للسفر إلى الخارج,ALLOCATION TOURISTIQUE POUR VOYAGE A L’ETRANGER,2.1095532,0.260616
2021,النجارة و البلور و المواد الحديدية,MENUISERIE VITRERIE ET QUINCAILLERIE,6.2033009,0.18323
2021,النفقات الكبرى للاقتناء وبناء مسكن,GROSSES DEPENSES D’ACQUISITION ET DE CONSTRUCTION DE LOGEMENT,82.93388800000001,0.356052
2021,النقل و المواصلات,TRANSPORT,375.3843745634,0.148403
2021,امالح,Variantes,1.0373160000000001,0.373041
2021,"انواع اخرى من الخبز (المبسس، خبز طابونة، فنكوش، رقاق،بريوش,,,)",Autre pain à base de farine (pain mbassès ; pain brioche…),11.582540000000002,0.27334
2021,اوراق رند,Feuilles de coriandre (rand),0.2185578,0.38656
2021,اوراق معدنية و ماشابهها لحفظ المواد الغذائية,Autres produits d’hygiène (papier aluminium cellophane serviette…),3.974652,0.2954
2021,بترول ازرق (قاز),Pétrole,0.09089046,0.413852
2021,برتقال,Orange,8.52308,0.034155
2021,برغل,Borghol,0.4575227,0.309578
2021,برنس,Burnous,0.24081269780000003,0.328656
2021,بروكلو,Choux fleur,0.43754770000000004,0.230051
2021,بريك,Brik,0.1451516,0.434437
2021,بسباس,Fenouil,1.5764559999999999,0.239083
2021,"بسكويت، بسكويت محشي (قوفرات,,,)",Biscuit simple Biscuit fourré gaufrettes,12.22232,0.127516
2021,بسيسة,Bsissa,2.373282,0.286208
2021,بشكير لتغطية الرأس (شاش),Bichkir pour couver tête,0.10314223039999999,0.396996
2021,بصل اخضر,Oignon vert,10.64198,0.210052
2021,بصل شائح,Oignon sec,10.90543,0.382626
2021,بطاطا,Pomme de terre,30.74628,0.193167
2021,بطيخ,Melon,6.945443,0.149197
2021,بقول خضراء,LEGUMINEUSES VERTES,8.587752813000002,0.335984
2021,بقول شائحة,LEGUMINEUSES SECHES,22.00216864,0.069628
2021,بقول مصبّرة,LEGUMINEUSES EN CONSERVES,0.20878713700000004,0.567979
2021,بقول منفّخة,LEGUMINEUSES TREMPEES,2.1531129850000004,0.440895
2021,بقول و توابل,"LEGUMINEUSES, SEL ET CONDIMENTS",48.478301404999996,0.114551
2021,بلاكار,Armoire commode étagère,1.611502,0.317171
2021,بلغة، ببوش، كنترة,Babouche belgha affase kontra,1.7092029096999999,0.493536
2021,بن صافية (كعب او مدشّشة او مرحيّة),Café nature pur,8.247358,0.159973
2021,بن مخلطة (مدشّشة او مرحيّة),Café nature mélangé,4.068128,0.221718
2021,بن مستحضرة سريعة الذوبان (نسكافي، ماكسوال),Café (nescafé Mawell),9.810499,0.321955
2021,بنتوفل,Pantoufles,0.38225753500000004,0.205459
2021,بندق، فزدق، بوفريوة، جوزة، فواكه جافة مخلطة,Pignon pistache noisette noix mélange,3.312476,0.247584
2021,بنزين للسيارات,Essence pour véhicule,89.25,0.312009
2021,بنزين مخلط للدراجات النارية,Essence mélangée pour cyclomoteur,14.94674,0.3079
2021,بنك,Banc,0.5337363,0.297741
2021,بوط,Bottes,0.7421065269999999,0.205523
2021,بيت نوم,Chambre à coucher,5.55692,0.243313
2021,بيتزا متناولة بالبيت,Pizza à domicile,0.08120566,0.68065
2021,بيتزا، مطبقة,Pizza,16.01925,0.393829
2021,بيجاما,Pyjama robe de chambre,7.082236320000001,0.210351
2021,بيض,Œufs,45.8013779,0.071938
2021,تأمين الدراجة النارية,Assurance de cyclomoteur,1.2619559999999999,0.182266
2021,تأمين السيارة,Assurance auto,31.968880000000002,0.283699
2021,تابل,Tabel,2.1968,0.350101
2021,تابل و كروية,Tabel et  Carouia,2.653057,0.220206
2021,تاكسي,Taxi,34.71713,0.25332
2021,تبغ و نفة و معسل,TABAC ET NEFA,176.107261,0.141491
2021,تجهيزات المطبخ,APPAREILS DE CUISINE,3.45389571,0.223663
2021,تجهيزات كهربائية للمنزل,APPAREILS ELECTROMENAGERS,19.9581123,0.149011
2021,تجهيزات كهربائية و منزلية,APPAREILS MENAGERS ET ELECTROMENAGERS,28.514697455000004,0.141492
2021,تحويلا مالية  داخل الوطن,Transfert en espèces à l’intérieur de pays,0.8839058529999999,0.380976
2021,تصليح  وسيلة نقل,REPARATION DE MOYEN DE TRANSPORT PRIVE,21.5436751,0.209579
2021,تعليم السياقة,Frais d’Auto Ecole (ou camion école),2.518296,0.193984
2021,تفاح,Pomme,10.72133,0.093172
2021,"تكاليف الطحن(حبوب، توابل، حمص، زقوقو، لوز,,,)",Frais de mouture (blé orge sorgho condiments…),0.39649829999999997,0.24388
2021,"تكاليف ذبح (رحي السكاكينتشويط الراس,,,)",Frais pour égorger (aiguisage des couteaux),1.5428309999999998,0.274038
2021,تكاليف طهي المرطبات,Frais de cuisson pour gâteau ; maison,0.08817216,0.485226
2021,تلفاز,Téléviseur,5.611853,0.183673
2021,تماق,Tmak (mule),1.45770212,0.514714
2021,تمر,Dattes communes,10.5594,0.567765
2021,تن مصبّر,Thon en conserve,11.67226,0.240375
2021,"توابل اخرى (قرفة، زعفران ، شوش ورد، زعتر كليل، حبة حلاوة، راس حانوت,,,)",Autres condiments,0.9276454,0.132381
2021,توابل بدون تمييز او مخلّط,Condiments sans autres indications,0.0532909,0.634333
2021,توابل جافّة,CONDIMENTS SECS,13.52537219,0.113772
2021,توابل طازجة (خضراء),CONDIMENTS VERTS,0.9285836399999999,0.335272
2021,ثلاجة او مجمّد,Réfrigérateur congélateur,6.073123,0.098925
2021,ثوم اخضر,Ail vert,1.998908,0.210535
2021,ثوم شائح,Ail sec,7.981267,0.121889
2021,جال دوش، كريم مرطب,Gel douche après shampoing,6.882396,0.331186
2021,جبة,Jebba,5.273170624000001,0.112009
2021,جبن,FROMAGE,22.57351129,0.27416
2021,جلبانة خضراء,Petit pois vers,4.6740699999999995,0.171436
2021,جوارب، جوارب شفافة (كولون),Chaussettes bas collant,8.62610992,0.161889
2021,جوزة، بوفريوة، فسدق، بندق، فواكه جافة مخلطة,Noix noisettes pistache pignon Mélange,0.5448493999999999,0.361215
2021,جوكينغ، بدلة رياضية,Survêtement jogging,40.1520025,0.150962
2021,جيب، جيب شورط,Jupe jupe short,5.394169054,0.193748
2021,حاسوب,Ordinateur personnel,2.748362,0.330833
2021,حافلة (وسط المدن)، قطاع خاص (TUT، TUS، TCV),Bus autobus (urbain) privé (TUS TUT TCV),1.131116,0.42147
2021,حافلة (وسط المدن)، قطاع عام (TRANSTU او SNT سابقا),Bus autobus (urbain) public (TRANSTU),6.248229,0.414021
2021,حبوب أخرى,AUTRES CEREALES,9.67281451,0.149272
2021,حبوب اخرى مشتقات,Autres céréales transformées,0.051912709999999994,0.401894
2021,حذاء رياضي (سبادري),Espadrilles,96.96196730000001,0.174569
2021,حشايا (جراية),Matelas,1.460137,0.258536
2021,حصارة، سوتيان، قان,Soutien gorge gaine justaucorps body…,3.5514851949999997,0.330512
2021,حقيبة يدوية، حافظة أوراق أو حافظة نقود,Sac à main sacoche porte feuille pochette,4.171997105,0.34678
2021,حلاقة,Coiffure (abonnement chez le coiffeur),23.36771,0.175444
2021,حلوى,Bonbon,0.9908846,0.085253
2021,حلوى شامية,Halwa chamia,10.38096,0.202131
2021,"حلويات سوق (مرطبات،salé,,,)",Pâtisserie souk,29.44816,0.190773
2021,"حلي للزينة باستثناء الفضة و الذهب  (مصوغ مزيف,,,)",Faux bijoux et autres effets similaires,1.4388259959999996,0.378744
2021,حليب صناعي,LAIT INDUSTRIEL,77.918733565,0.049153
2021,حليب طري,LAIT FRAIS,3.060644375,0.446856
2021,حليب مجفف,LAIT EN POUDRE,4.54264249,0.164966
2021,حليب مركّز,LAIT CONCENTRE,0.35388896900000005,0.282795
2021,حمام، دوش,Bain douche,3.734092,0.369303
2021,حمص شائح,Pois chiche sec,7.410977,0.102512
2021,حمص منفّخ,Pois chiche trempé,1.5255509999999999,0.417879
2021,حوالي للأطفال من القماش,Couche en linge pour bébé (autre que couche pharmaceutique),0.09400941950000001,0.440658
2021,خبز سوق صغير (220 غ) (باقات),Baguette de boulangerie ou assimilé,42.87508999999999,0.188393
2021,خبز سوق كبير (400 غ),Gros pain de boulangerie,12.64964,0.432016
2021,خدمات أخرى متعلقة بالسكن,AUTRES SERVICES LIES A L’HABITATION,35.054235500000004,0.486525
2021,"خدمات اخرى تخص المواد الغذائية تكاليف خاصة بالعولة او لصنع مرطبات العيد، والمناسبات,,,",Autres services relatifs aux produits alimentaires (Oula),0.7027542,0.343904
2021,خدمات تخصّ المواد الغذائية,SERVICES  RELATIFS AUX PRODUITS ALIMENTAIRES,2.76786545,0.203282
2021,خدمات شبه طبية (صور بالأشعة و تحاليل طبية وتمريض),SERVICES PARAMEDICAUX (radio- analyse- infirmerie),67.1457041,0.090097
2021,خضر,LEGUMES,274.13410265,0.091715
2021,خضر  مصبّرة,LEGUMES EN CONSERVE,109.22283393000001,0.190487
2021,خلّ,Vinaigre,0.1633044,0.395299
2021,خميرة (الخبز و المرطبات),Levure pour pain et pâtisserie,2.131576,0.177008
2021,خوخ,Pèche,7.164927,0.152683
2021,دجاج مريّش,Poulet éplumé,55.8855,0.226125
2021,دجاجة محمولة,Poulet à emporter,1.880228,0.32553
2021,دقلة,Dattes degla,3.68676,0.184106
2021,دلاع,Pastèque,12.06858,0.134082
2021,ديك رومي,Dindon vif,0.2476319,0.394836
2021,رمان,Grenade,2.521245,0.135393
2021,روبة (انسومبل)كسوة نسائية,Robe tailleur ensemble,9.6568293,0.171964
2021,زبدة حيوانية,Beurre animal,3.913126,0.412267
2021,"زبدة نباتية (جديدة، قولدينا,,,)",Beurre végétale (goldina jedida…),7.145755,0.180773
2021,زربية,Tapis,4.095203,0.132462
2021,زقوقو,Zgougou,1.792775,0.178066
2021,زكاة الفطر,Autres frais,3.030888,0.188056
2021,زيت الزيتون,HUILES D’OLIVE,46.88245669999999,0.20714
2021,زيت عباد الشمس,Huile de tournesol,1.5250830000000002,0.336073
2021,زيت قطانيا,Huile de maïs,27.00951,0.221041
2021,زيت نباتي مدعّم (للاستهلاك الاسري),Huile de graine végétale subventionné,13.47088,0.062704
2021,زيتون مملّح,Olive en conserve,1.607814,0.399523
2021,"زيوت أخرى (سوجا، زيت جوز الهند، ,,,)",Autres huiles (soja…),0.7286678000000001,0.563534
2021,زيوت نباتية,HUILES DE GRAINE VEGETALE,45.60073326,0.160567
2021,ساعة يدوية,Montre,3.6469321791000002,0.304311
2021,سبتة، حزام,Ceinture hzem,0.54404677,0.227277
2021,سبناخ,Epinard,1.2493779999999999,0.513599
2021,سجائر (بالتفصيل),Cigarette (en détail),5.3025590000000005,0.242143
2021,سردينة مصبّرة,Sardine en conserve,0.4567203,0.24777
2021,سروال تقليدي,Seroual traditionnel,0.0140663733,0.223488
2021,سروال دجين,Pantalon jean,101.93744559999999,0.170198
2021,سروال عادي,Pantalon en autre tissu pantacour,29.988852899999998,0.081487
2021,سروال نسائي (كلسون),Caleçon en forme de pantalon pour femme,3.7052082540000004,0.234024
2021,سرير، مولة,Lit sommier,1.400358,0.359355
2021,سفساري حايك حرام,Safsari haik hrem,0.3677082264,0.559951
2021,سفنارية (جزر),carotte,4.753419,0.094656
2021,"سلاطة (سكورية، ليتو، سكالور,,,)",Salade verte (laitue…),2.855495,0.286496
2021,سلق، خبّيزة,Blette,3.2822199999999997,0.152772
2021,سمك مجفف,POISSON  SECHES,0.53212902,0.65607
2021,سميد سوق,Semoule industrielle,13.70317,0.367644
2021,سيارة اجرة (لواج) وحافلة بين المدن,Louage car (interurbain),15.806959999999998,0.311639
2021,"شاشية (طربوش، كلباك,,,)",Chechia (tarboucha kalbak bonnet…),0.29720578999999997,0.235878
2021,شاي,Thé préparé,0.8299773,0.175048
2021,شاي اخضر,Thé vert,2.866525,0.472811
2021,شاي جاف اسود (حشيشة),Thé noir,9.456113,0.299051
2021,شحن الهاتف الجوال,Recharge téléphone portable (Tunisiana light TTcach),64.02635,0.082373
2021,شراء أدوات و مواد ترفيه,ACHAT D’ARTICLE DE LOISIRS,12.134830365,0.226748
2021,شراء الحلي و المجوهرات,ACHAT DE BIJOUX PRECIEUX,5.907019099999999,0.288333
2021,شراء بطاقات تمويل الهاتف الجوال,Carte de recharge pour téléphone portable,77.78228999999999,0.166894
2021,شراء بطاقات تمويل الهاتف القار,Carte de recharge pour téléphone fixe,0.2019724,0.359505
2021,شراء دراجة نارية,Achat de cyclomoteur - motocyclette,5.734926000000001,0.310161
2021,شراء سيارة,Achat de voiture,64.47716,0.339432
2021,شراء قطع الغيار,Achat de pièce de rechange,0.6850839999999999,0.282648
2021,شراء و صيانة وسيلة  نقل خاصة,ACHAT DE MOYEN DE TRANSPORT PRIVE CHARGES ET ENTRETIEN,279.7170814634,0.190795
2021,شراء وسيلة نقل خاصة,ACHAT DE MOYEN DE TRANSPORT PRIVE,70.5350623,0.32528
2021,شعير ومشتقاته,ORGE ET DERIVES,3.05053189,0.083966
2021,"شكلاطة (طوابع، غبرة، شوكولين,,,)",Chocolat (tablette barre …),6.565537999999999,0.253435
2021,شلاكة,Chlaka,55.98911540000001,0.11917
2021,شمبوان، طفَل,Shampooing Tfal,18.4445,0.111616
2021,شملة، كشطة، لحفة,Chamla lahfa kachta,0.2274873097,0.325884
2021,شورط (تبان),Short,10.34112817,0.223807
2021,شوينقوم (شيكلي )، لوبان,Shwing gum,0.3803334,0.162646
2021,"شيبس، بطاطا مقلية,,,",Chips pomme de terre frite,1.267549,0.295134
2021,شيشة في المقهى,Chiche au café,1.051383,0.428574
2021,صابون الصيانة الشخصية,Savon de toilette,2.400924,0.165538
2021,صابون الغسل,Savon de ménage,9.816031,0.158334
2021,صحن او كسكروت كفتاجي,Plat ou casse croûte kaftegi,4.271416,0.389483
2021,صحن تونسي,Plat tunisien,0.4514338,0.410234
2021,صندال,Sandales,9.59077199,0.15505
2021,صيانة وسيلة نقل,ENTRETIEN DE MOYEN DE TRANSPORT PRIVE,9.268591663399999,0.289775
2021,طماطم خضراء,Tomates fraîches,36.74581,0.295491
2021,طماطم صناعية حكة او صبة,Tomate en conserve industrielle (en boite en vrac),77.60869,0.259053
2021,طواقم,SERVICES,2.7998161,0.171835
2021,عدس شائح,Lentilles sèches,6.581076,0.229855
2021,عسل النحل,Miel d’abeille,4.531046,0.206459
2021,عسل و أغذية سكريّة,MIEL ET AUTRES PRODUITS SUCRES,16.069802749999997,0.217602
2021,عصير غلال,Jus de fruits,5.1161639999999995,0.237211
2021,"عصير غلال (قارورة ، باكوات,,,)",Jus de fruits (en bouteille tetrabrik…),11.73833,0.124662
2021,عطورات,Eau de Cologne eau de toilette parfum after shave…,28.02843,0.148659
2021,علاج و إقامة عملية جراحية,Frais de séjour et opérations chirurgicales,33.944966,0.152569
2021,علبة سجائر,Paquet de cigarette,166.88389999999998,0.143592
2021,عنب,Raisin de table,7.16311,0.108781
2021,عوينة,Prune,1.007709,0.188665
2021,غاز قارورة,Gaz en bouteille,21.40633,0.183357
2021,غسل و تشحيم و تبديل زيت السيارة,Vidange lavage et graissage de voiture,1.8355460000000001,0.409586
2021,غلال,FRUITS,124.49373665,0.148157
2021,"غلال اخرى (سفرجل،  توت ,,,)",Autres fruits à pépins,0.6318668000000001,0.403183
2021,غلال جافّة,FRUITS SECHES,17.63701715,0.328834
2021,فاتورة الكهرباء و الغاز الطبيعي,Dépense d’électricité et de gaz de ville STEG,176.3099,0.167932
2021,فاتورة الماء,Dépense d’eau courante SONEDE,56.41241,0.162188
2021,فاتورة الهاتف الجوال,Facture téléphone portable,0.4468668,0.27711
2021,فاتورة الهاتف القار,Facture téléphone fixe,1.869125,0.314527
2021,فارينة سوق باكوات,Farine de blé tendre industrielle en paquet,4.888025,0.123981
2021,فحم,Charbon de bois,2.924709,0.22283
2021,فراولو,Fraise,3.864601,0.150777
2021,فرملة، بدعية، سدرية,Farmela sidria bidïa mintène,0.14704725700000004,0.364396
2021,فرن كهربائي - ميكرواوند,Micro-onde four electrique …,1.294449,0.193361
2021,فريكاسي، باتي,Fricassé pâté,2.484728,0.240742
2021,فطاير,Beignet,0.10115009999999999,0.494117
2021,فقوس,Concombre,5.4389009999999995,0.170862
2021,فلفل احمر شائح قرون,Piment sec en gousse,2.830921,0.199541
2021,فلفل احمر مرحي,Piment sec moulu,11.41567,0.118296
2021,فلفل اخضر,Piments frais,27.17673,0.148601
2021,فلفل اكحل,Poivre,2.323587,0.253876
2021,فواتير وبطاقات تمويل الهاتف القار والجوال,FACTURE ET CARTE DE RECHARGE POUR TELEPHONE FIXE ET PORTABLE,149.7753007309,0.109108
2021,فواكه أخرى,AUTRES FRUITS,26.5996699,0.395359
2021,"فواكه اخرى (حب ملوك,,,)",Autres fruits à noyaux (cerise),0.1184571,0.578964
2021,فواكه بالحبوب,FRUITS A PEPINS,47.870391000000005,0.113615
2021,فواكه بالنواة,FRUITS A NOYAUX,11.39311608,0.141016
2021,فواكه جافّة,NOIX ET GRAINES COMESTIBLES,6.69764842,0.186499
2021,فوطة,Fouta,0.0210903617,0.809164
2021,فوطة وبلوزة,Fouta et blousa,0.5245104148999998,0.421025
2021,فول اخضر,Fève vert,1.292057,0.221867
2021,فول شائح,Fève sèche,1.071547,0.329914
2021,فيستة بلوزون,Veste blouson veste « fourrure »,4.462016520000001,0.210917
2021,قارص,Citron,1.954097,0.153368
2021,قاعة استقبال,Salon,8.469372,0.214078
2021,قاعة اكل,Salle à manger,2.5360650000000002,0.224111
2021,قبقاب (صابو),Sabot - kobkab,1.7425445640000004,0.457164
2021,قرع احمر,Courge,3.78564,0.22908
2021,قرع بوطزينة,Courgette,1.1307729999999998,0.338661
2021,قرنيط، سوبية، مطيق,"POULPES, SEICHES ET CALAMAR",2.6286027000000005,0.539627
2021,قشابيةكدرون صوف,Kachabia gadroun,0.1996900251,0.355939
2021,قطار,Train,0.7340904,0.460499
2021,قفطان,Koftane,2.016246316,0.226292
2021,قلوب عبادة و قرع,Graines de tournesol et de courge,0.7590893999999999,0.169127
2021,قماش التأثيث و الستائر,AMEUBLEMENT ET RIDEAUX,8.1525927,0.156836
2021,قمح صلب حب,Blé dur en grain,0.7317938,0.399703
2021,قمح صلب حبّ,BLE DUR ET DERIVES,43.96697803,0.098423
2021,قمح لين ومشتقاته,BLE TENDRE ET DERIVES,72.49557551,0.100389
2021,قميص,Chemise ou chemisier,27.428349139999998,0.19716
2021,قميص نوم، قميص نسوة,Combinaison de femme chemise de nuit,0.6115207674,0.187842
2021,قنارية,Artichaut,0.9059132,0.436482
2021,قهوة,Café préparé,58.127129999999994,0.164687
2021,كبدة,FOIE ET VISCERES,1.176223922,0.380404
2021,كتب بمناسبة العودة المدرسية,Livres pour rentrée scolaire,0.6104937,0.38783
2021,كتب غير مدرسية,Livres non scolaires,0.2405254,0.534143
2021,كراب، ملاوي,Crêpe,8.441081,0.211622
2021,كراسات و أدوات أخرى بمناسبة العودة المدرسية,Cahier et autres fournitures scolaires pour rentrée scolaire,1.3870909999999999,0.218913
2021,كرافات، كشكول,Cravate cache col,0.4107080945999999,0.344998
2021,كرسي,Chaise chaise longue,0.9066970999999999,0.143159
2021,كرشة و دوّارة,TRIPES,2.0861374149999996,0.217198
2021,كركم,Korkom,2.8373589999999997,0.08422
2021,كرمب,Choux,0.5034181,0.195011
2021,كرموس,figue,1.327542,0.263171
2021,كروية,Carouia,0.6206273999999999,0.44437
2021,كسكروت تن او سردينة او شباتي,Casse-croûte  au thon à la sardine chappati,15.818610000000001,0.160208
2021,كسكروت لحم او دجاج او ديك رومي او سلامي,Hamburger viande escalope poulet salami,17.28238,0.341103
2021,كسكسى سوق باكوات,Couscous industriel en paquet,4.852098,0.285854
2021,كسوة,Costume,3.5039045873000014,0.202306
2021,كلافس,Cèleri,1.215374,0.197875
2021,كليمنتين,Clémentine (mandarine),3.65905,0.415536
2021,كمّون,Cumin (camoun),0.8723936999999999,0.299142
2021,لبن طري,PETIT LAIT FRAIS,7.14328086,0.255986
2021,لحم برشني,VIANDE DE CAPRIN,8.03021799,0.681947
2021,لحم بقري,VIANDE BOVINE,26.916995999999997,0.345436
2021,لحم جمل,VIANDE DE CHAMEAU,0.7016353000000001,0.752408
2021,لحم دجاج، كبدة دجاج,Viande de poulet en détail (foie de poulet…),48.8508,0.422348
2021,لحم علوش,VIANDE OVINE,181.58930952999998,0.069803
2021,"لحم مفروم و مرقاز و ""سلامي""","VIANDE HACHEE,  MERGUEZ ET SALAMI",7.9969623,0.500996
2021,لحوم  و دواجن,VIANDES ET VOLAILLES,376.7606493509999,0.074539
2021,لعب للاطفال,Jouet pour enfant de tout type (console de jeux de vidéo …),2.325913,0.185298
2021,لفت,Navet,1.38421,0.157783
2021,لوبية شائحة,Haricot sec,5.900787,0.154446
2021,لوز مقلي، اكاجو,Amandes grillées noix cajou,0.34464550000000005,0.156676
2021,لوزشائح  مقشر,Amande sèche sans coque,1.638711,0.264663
2021,مأكولات جاهزة متناولة بالبيت,PLATS CUISINES OU LIVRES A DOMICILE,3.39611866,0.316866
2021,مأكولات في مطعم,REPAS DANS UN RESTAURANT,60.573287099999995,0.30995
2021,ماء جافال، كلور للمسبح,Eau de javel clor pour piscine,25.93148,0.236778
2021,ماء معدني,Eau minérale,45.05542,0.390481
2021,مازوط للسيارات,Gasoil pour véhicule,14.722760000000001,0.158135
2021,مبردات و مثلجات,Glace gervais thelja,2.356259,0.333556
2021,"مبرّدات (قلاس، ثالجة، جيرفاي,,,)",Glace thelja gervais…,4.037056,0.230264
2021,مترو- حافلة ومترو,Métro - bus + métro,2.239326,0.583185
2021,"محارم رأس، فولارة، تقريطة، شاربة,,,",Foulard écharpe takrita assaba…,13.106214455,0.10574
2021,محروقات التنوير والطبخ و التدفئة,"COMBUSTIBLES DECLAIRAGE, PREPARATION ET CHAUFFFAGE",24.902859577999997,0.16387
2021,محروقات وسيلة نقل خاصّة,CARBURANT ET FONCTIONNEMENT DE MOYEN DE TRANSPORT PRIVE,132.039062,0.200399
2021,محفظة بمناسبة العودة المدرسية,Cartable pour rentrée scolaire,0.7753715,0.307074
2021,مرطبات,Pâtisserie,1.4823009999999999,0.434718
2021,مريول خلعة,Tricots de corps,7.339583389999999,0.261665
2021,مريول صوف، جيلية صوف,Pull over gilet,30.415102,0.308981
2021,مريول قطن,Tee shirt sweat shirts,41.601154539999996,0.213554
2021,مريول و سروال داخلي من القطن (للرجال),Tricots et pantalons en coton pour hommes,1.5360947619999996,0.489194
2021,مستلزمات  و صيانة و تصليح أدوات الترفيه,ACCESSOIRES  ENTRETIEN  ET REPARATION D’ARTICLES DE LOISIRS,0.9341132538999999,0.168919
2021,"مستلزمات أخرى (قفاز، محارم يد من قماش أو من ورق,,,)",Autres effets personnels (gants bracelet de montre porte clefs…),0.06165984920000001,0.464891
2021,"مستلزمات أخرى لتغطية الرأس (مظلة، عراقية، كاسكات,,,)",Autre couvre tête (casquette bêret…),2.222156446,0.194151
2021,"مستلزمات الخياطة (خيط، فلس,,,)",Mercerie (fil à coudre fil à tricoter bouton fermeture éclair rubants dantelle…),0.1384063183,0.35649
2021,مستلزمات شخصية,EFFETS PERSONNELS,22.5520489428,0.178787
2021,مستلزمات لتغطية الرأس,COUVRE CHEFS,15.956206231100001,0.091802
2021,مستلزمات و نفقات الصيانة و التصليح للالات الكهرومنزلية,Accessoires et frais de réparation et d’entretien d’appareils électroménagers,7.421793,0.206019
2021,مستلزمات ونفقات التركيب والصيانة والتصليح آلات التسخين وتكييف الهواء,Dépense d’installation d’entretien et réparation d’appareils de chauffage et de climatisation,1.0489490000000001,0.353945
2021,مشاهد,SPECTACLES,0.27682026000000004,0.349295
2021,مشروب غازي,Boisson gazeuse,6.5378609999999995,0.270824
2021,مشروبات التقطير(ماء ورد، ماء الزهر، عطرشية(مقطرة او اوراق),Boisson infusion,1.828832,0.469744
2021,مشروبات باردة,BOISSONS FRAICHES CONSOMMEES  HORS DOMICILE,21.622940500000002,0.238128
2021,مشروبات ساخنة,BOISSONS CHAUDES,59.81866026,0.171407
2021,مشروبات طبيعية,BOISSONS EN NATURE,34.74070765,0.033534
2021,مشروبات غازية,Boisson gazeuse,38.03733999999999,0.320311
2021,مشروبات غير كحولية متناولة في البيت,BOISSONS NON ALCOOLISEES CONSOMMEES  A DOMICILE,97.16477721,0.236135
2021,مشروبات كحولية,BOISSONS ALCOOLISEES,6.960168493,0.284486
2021,مشروبات كحولية متناولة بالبيت,BOISSONS ALCOOLISEES CONSOMMEES A DOMICILE,0.6371696530000001,0.486693
2021,مشروبات كحولية متناولة خارج البيت أو بالحانة,BOISSONS ALCOOLISEES CONSOMMEES HORS DOMIUCILE OU AU BAR,6.32299884,0.265846
2021,مشروبات كحولية، تبغ و نفة,"BOISSONS ALCOOLISEES, TABAC ET STUPEFIANTS",183.067429493,0.146716
2021,مشماش,Abricot,2.2840979999999997,0.173164
2021,"مصاريف ثقافية اخرى (مفكرة جيب، يومية ، اعلان في جريدة، نسخة، البوم,,,)",Autres dépenses culturelles (achat de bloc note calendrier annonce dans le journal photocopie album agenda…),0.3615189,0.375835
2021,مطرية (سحابة),Parapluie,1.1153221990000002,0.334667
2021,"معاليم مدرسية أخرى (التسجيل، التأمين المدرسي والجامعي,,,,)",Autres frais d’enseignement scolaire (droit d’inscription assurance scolaire  et universitaire…),1.4183489999999999,0.293593
2021,معاليم وسيلة نقل خاصة,CHARGE DE MOYEN DE TRANSORT PRIVE,43.294540999999995,0.260894
2021,معجون اسنان,Dentifrice,4.042719,0.142279
2021,معجون غلال,"CONFITURE, COMPOTE ET PUREE DE FRUITS",4.027566,0.198936
2021,معدنوس,Persil,7.369496,0.246348
2021,معسل، جيراك، شيشة,Maâssel chicha,1.369304,0.278044
2021,معطف كاب,"Manteau imperméable cape parkas,,,",16.80011865,0.102293
2021,معلوم الايجار التقريبي,Loyer estimé,692.0711,0.159327
2021,معلوم الايجار الفعلي,Loyer effectif,136.9059,0.404964
2021,معلوم الجولان والأداء,Vignette et taxe,7.411554,0.219883
2021,معلوم الحضانة المدرسية,Frais Garderie Scolaire,3.207266,0.439307
2021,معلوم الدراسة (للمدارس الحرة والجامعات الخاصة),Frais de scolarité (pour les écoles et les facultés privés),16.04476,0.402953
2021,معلوم المبيت (بالنسبة للبياتة),Frais de pension (pour les élèves internes ou demi pensionnaires),1.198014,0.138595
2021,معلوم المحضنة,Frais de crèche,2.9274940000000003,0.279558
2021,معلوم المراقبة الفنية,Frais de visite technique,2.652151,0.180555
2021,معلوم دروس خصوصية و ساعات التدارك,Frais pour  leçon particulières et études,33.213989999999995,0.174342
2021,معلوم روضة أطفال أو حضانة مدرسية,Frais de jardin d’enfant,9.754069,0.249
2021,معلوم كراء الصالة,Frais de location de salle,1.599501,0.378779
2021,"معلوم كراء الفرقة (وترية، شعرية، سلامية،,,,)",Frais de troupe musicale orchestre troupe soulamia,2.969437,0.456872
2021,"معلوم كراء لوازم الأفراح (كراسي، منصة,,,)","Frais de location d’articles pour cérémonie caméra vidéo…,",2.370806,0.153572
2021,مكتبة,Bibliothèque,0.302402,0.41316
2021,مكسرات وحبوب أخرى,NOIX ET AUTRES,1.97623155,0.172218
2021,مكيف هواء,Climatiseur,1.8550039999999999,0.310696
2021,"ملابس أساسية وتقليدية أخرى(بلوزة,,,)",Autres vêtements traditionnels,0.19132077470000003,0.316826
2021,ملابس خارجية أخرى,LINGE DE CORPS,123.61819831299998,0.139341
2021,"ملابس خارجية أخرى (جبة نسائية عادية، هركة رجالية,,,)",Autres linges de corps et linges de corps sans indications,13.838760139999998,0.312363
2021,ملابس خارجية أساسية و تقليدية,VETEMENTS PRINCPAUX TRADITIONNELS,9.0665373884,0.123325
2021,ملابس خارجية أساسية و عصرية,VETEMENTS PRINCIPAUX MODERNES DE CONFECTION,182.77194479930006,0.131044
2021,ملابس خارجية للرضع,Combinaison pour bébé,0.849492702,0.148434
2021,ملابس داخلية,SOUS VETEMENT,76.86317663389997,0.177624
2021,ملابس داخلية بدون تمييز,Autres sous vêtement et sous vêtement sans indications,12.652768170000002,0.351457
2021,ملابس داخلية سفلى و ملابس داخلية للاستحمام,Slip culotte maillot de bain,9.476560390000001,0.227807
2021,ملابس عصرية أخرى أساسية,Autres vêtements principaux modernes,0.19896301700000005,0.356623
2021,ملاحف و مناشف,LINGE DE MAISON,4.315392,0.241114
2021,ملح,Sel,1.0725239999999998,0.123533
2021,ملسوقة، بريك,Malsouka (brik),4.368791,0.16325
2021,ملوخية مرحية,Mloukhia en poudre,1.015606,0.292502
2021,ملوخية ورق,Mloukhia feuilles vertes,0.013127090000000001,0.464315
2021,ملية,Melia,0.21792157450000002,0.829817
2021,منتوجات بحريّة أخرى,AUTRES PRODUITS DE MER,2.4021246870000006,0.372942
2021,منديلة (ميدعة),Tablier,0.488517001,0.216742
2021,منشفة تنظيف، بشكير حمام,Serviette de toilette bichkir cap de bain,0.4284194490000001,0.194045
2021,منضدة،مائدة، طاولة,Table maïda,1.56488,0.149728
2021,مواد أخرى,AUTRES ARTICLES D’HABILLEMENT,0.680359017,0.205468
2021,مواد أخرى مشتقة من الحبوب,AUTRES PRODUITS A BASE DE  CEREALES,66.9017317,0.133783
2021,مواد أخرى مشتقة من الحليب,AUTRES PRODUITS LAITIERS,11.66154397,0.252862
2021,مواد أخرى و نفقات لباس بدون تمييز,Autres articles d’habillement et dépense d’habillement non ventilés (Trousseau pour bébé),0.251939568,0.294946
2021,"مواد اخرى مشتقة من القمح الصلب (شربة، حلالم، نواصر، رشتة,,,)",Autres produits à base de blé dur (soupe nouasser hlelem ravioli préparé avec de la viande des légumes du fromage …),5.311908000000001,0.269875
2021,مواد التجميل و الزينة,PRODUITS DE BEAUTE,46.163118499999996,0.156687
2021,مواد التنظيف,PRODUITS ET ARTICLES  DE NETOYAGE ET D'ENTRETIEN,97.100128,0.146097
2021,مواد تجميل,Produits de maquillage (rouge à lèvre fond de teint acétone manucure démaquillant…),5.9919709999999995,0.215319
2021,"مواد تجميل اخرى (صبغة شعر، حنّة، عفص، مردومة، سواك، باروق، جال شعر,,,)",Autres produits de beauté (teinture pour cheveux henna souak produit solaire…),11.45753,0.23996
2021,"مواد تنظيف (اومو، نظيف، دينول,,,)",Détergent (Omo vif nadhif dinol…),43.558879999999995,0.117997
2021,مواد سكريّة,PRODUITS SUCRES,11.85731491,0.178604
2021,مواد صيدلية,PRODUITS PHARMCEUTIQUES,205.9627471,0.068538
2021,مواد صيدلية أخرى,AUTRES PRODUITS PHARMACEUTIQUES,32.883631099999995,0.053747
2021,مواد غذائية أخرى,AUTRES PRODUITS ALIMENTAIRES,32.34269142,0.285892
2021,مواد غذائية و مشروبات غير كحولية,PRODUITS ALIMENTAIRES ET BOISSONS NON ALCOOLISEES,1788.2685410419997,0.095173
2021,موز,Banane,25.755689999999998,0.405404
2021,نظارات شمسية,lunette solaire,2.5154047228999996,0.470144
2021,نعل (صباط),Souliers,31.429420500000003,0.140346
2021,نعناع اخضر,Naânaâ vert,0.4251295,0.298973
2021,نفة,Nefa,0.4821357,0.392777
2021,نفقات أخرى,AUTRES DEPENSES,7.5813443929,0.210674
2021,"نفقات أخرى (تريكو، طريزة,,,)",Autres frais liés à l’habillement (tricotage broderie…),0.0056939875999999995,0.440369
2021,"نفقات أخرى (حلاقة، حنانة، كسوة العروسة، استئجار لباس لمناسبة، طباخ ،كنستروا كامل,,,)",Autres frais liés à la cérémonie (coiffure robe mariée location de robe pour cérémonie…),3.9237159999999998,0.330106
2021,نفقات أخرى لصيانة المنزل,AUTRES DEPENSES D’ENTRETIEN,1.32194551,0.267412
2021,نفقات إدارية,DEPENSES ADMINISTRATIVES,0.5169388908,0.327939
2021,نفقات إصلاح المستلزمات الشخصية,Réparation d’effets personnels (réparation de montre de parapluie de collier boucles d’oreilles de bague en or…),0.021042107,0.468867
2021,"نفقات اخرى تتعلق بالتبغ (مصفاة، بيبة، ولاعة، شيشة تقتوقة ,,,)",Accessoires (pipe étui à cigarettes filtre briquet chicha cendrier…),1.139123,0.350438
2021,نفقات اخرى لصيانة المنزل,Autres dépenses d’entretien,0.6733397,0.509108
2021,نفقات استثنائية لجراحة و تركيب الأسنان,DEPENSES EXCEPTIONNELLES DE CHIRURGIE DENTAIRE,3.0848062200000004,0.244419
2021,نفقات استثنائية للتصوير,DEPENSES EXCEPTIONNELLES DE RADIO,8.86879,0.210355
2021,نفقات الأنترنات,DEPENSE INTERNET,41.782616600000004,0.227917
2021,نفقات الترفيه,Loisirs,13.068943618899999,0.214928
2021,نفقات الترفيه و الثقافة,LOISIRS ET CULTURE,46.1122178167,0.170124
2021,نفقات التعليم المدرسي,ENSEIGNEMENT SCOLAIRE,57.26896346200001,0.237217
2021,نفقات التكوين المهني,FRAIS  DE FORMATION PROFESSIONNELLE,3.2186396,0.316391
2021,نفقات التنظيف,DEPENSE D’HYGIENE,97.68669009999999,0.14699
2021,نفقات الثقافة,culture,10.688146499999998,0.258158
2021,نفقات الخياطة,Frais de couture,1.122567292,0.239495
2021,نفقات الخياطة و مستلزماتها,FRAIS DE COUTURE ET MERCERIE,1.9366232313000007,0.224923
2021,نفقات الخياطة ومستلزماتها بدون تمييز,Frais de couture et Mercerie sans indications de détail,0.2539050213,0.32913
2021,نفقات السكن,"DEPENSES LOGEMENT, EAU, GAZ, ELECTRICITE ET AUTRES COMBUSTIBLES",1306.9940616200001,0.163647
2021,نفقات الصيانة الشخصية,PRODUITS DE TOILETTE ET AUTRES FRAIS DE SOINS PERSONNELS,64.83071009999999,0.15763
2021,نفقات الصيانة و تصليح السكن,DEPENSE D’ENTRETIEN ET DE REPARATION DU LOGEMENT,119.59861001000002,0.170435
2021,نفقات الطاقة للمسكن,DEPENSES D’ENERGIE POUR LE LOGMENT PRINCIPAL,244.17401999999998,0.152614
2021,نفقات الطاقة و المحروقات,DEPENSES D’ENERGIE ET DE COMBUSTIBLES,269.1081793582,0.12577
2021,نفقات العدول و نفقات القضايا و المحاكم,FRAIS DE NOTAIRE ET DEPENSES DE TRIBUNAUX,0.273440279,0.333641
2021,نفقات العطل في النزل,Frais d’hôtel (hébergement restauration loisirs…),5.406801000000001,0.378983
2021,نفقات العطل ما عدى النزل,VACANCES EN TUNISIE DANS UNE RESIDENCE AUTRE QU’HOTEL,13.102057,0.388366
2021,نفقات العطل، السياحة،  النزل، المطاعم والمقاهي,"VACANCES, RESTAURANTS, HÔTELS ET CAFES",20.6184112,0.347172
2021,"نفقات المأتم (كفن، مقبرة,,,)",Frais de cérémonie funèbre,1.038447,0.294242
2021,"نفقات المراسلات (بطاقة بريدية، بطاقة تهاني، ظرف,,,)",Dépense de correspondance (carte postale carte de vœux  enveloppe…),0.01179581,0.505218
2021,نفقات المناسبات العائلية,FRAIS POUR CEREMONIES FAMILIALES,15.056971307800001,0.214893
2021,نفقات النقل العمومي,DEPENSES DE TRANSPORT EN COMMUN,95.66729310000001,0.067595
2021,نفقات الولادة,ACCOUCHEMENT,3.4343904,0.176675
2021,نفقات بناء مسكن,Dépense pour construction de logement,51.587360000000004,0.413735
2021,نفقات تخص العبادة والشعائر الدينية,FRAIS LIES AU CULTES,3.1550643078000005,0.180073
2021,"نفقات تخص العبادة والشعائر الدينية (سجادة، سبحة,,,)",Frais liés au culte et au recueillement,0.051688429999999994,0.245572
2021,نفقات تصليح غير مبوّبة,Frais de réparation non ventilés (frais de dépannage…),0.8364685,0.209146
2021,نفقات تصليح و تلميع الأحذية,Réparation et entretien des chaussures,0.093480544,0.20554
2021,نفقات تعليم أخرى,AUTRES ENSEIGNEMENTS,3.7013515599999995,0.21389
2021,"نفقات تعليم أخرى (موسقى، رقص، تعليم بالمراسلة,,,)",Autres frais d’enseignement (enseignement par correspondance de langue musique danse …),1.0220339999999999,0.453951
2021,نفقات ثقافية أخرى,AUTRES DEPENSES CULTURELLES,0.38797409,0.348612
2021,نفقات خدمات التنظيف,FRAIS D’ENTRETIEN ET D’HYGIENE,0.5865621,0.335423
2021,نفقات شراء ارض لبناء مسكن,Achat de terrain pour construction de logement,28.6739,0.431573
2021,نفقات شراء الصوف للمغزل,Achat de laine,0.002261253,0.811403
2021,نفقات شراء الماء (صهريج، قرباجي...),Dépense d’eau achetée (par citerne « guarbaji »…),11.451709999999999,0.333505
2021,نفقات شراء وتجهيز الهاتف القار والجوال,ACHAT D'APPAREIL DE TELEPHONE (FIXE ET MOBILE),32.09505565,0.136942
2021,نفقات طبية استثنائية,SOINS MEDICAUX EXCEPTIONNELS,124.326430684,0.117184
2021,نفقات طبية عادية,SOINS MEDICAUX COURANTS,160.63052441099998,0.063253
2021,نفقات علاج أمراض مزمنة,TRAITEMENT DE MALADIE LONGUE DUREE,74.967398,0.165768
2021,نفقات علاج و جراحة الأسنان,SOINS ET CHIRURGIE DENTAIRES (services dentaires),10.135781399999999,0.221708
2021,نفقات غير دورية,DEPENSES DE TRANSPORT NON REGULIERS,86.96452500000001,0.06944
2021,نفقات كراء ملابس,Frais de location d’habillement,0.4160506120999999,0.19384
2021,نفقات لفحوصات الأطباء,FRAIS DE CONSULTATION MEDICALE (servicex médicaux),83.07614,0.065877
2021,نفقات معاليم ما قبل الدراسة,ENSEIGNEMENT PRESCOLAIRE,17.012149110000003,0.282726
2021,نفقات مناسبات الأفراح,FRAIS POUR CEREMONIES FAMILIALES,10.863460000000002,0.290872
2021,نفقات و مستلزمات الحيوانات الاهلية,Achat alimentation et entretien d’animaux domestique (de compagnie) (oiseau chien cageniche…),0.5099395,0.36709
2021,نقل ريفي,Transport rural,23.911330000000003,0.353086
2021,"هريسة ""دياري""، فلفل معجون",Harissa « diari »,4.512556,0.548485
2021,هريسة صناعيّة حكة او صبة,Harissa industrielle,9.193732,0.075491
2021,هندي,Figue de barbarie,0.7478292,0.24461
2021,ياغورت,YAOURT,67.60139161,0.250484
